model,category,pp,transmission,coll,price,hp,lbs,kg/kw,img_url
Abarth 1500 Biposto Bertone B.A.T 1 '52,Categories unknown,PP ??,FR,?? pts,?? Cr,72,1918.0,12.08 Kg/Hp,https://www.kudosprime.com//gts/images/cars/gts_car_244.jpg?v=gts
Abarth 500 '09,Road Car,PP 377,FF,29 pts,"29,500 Cr",133,2282.0,7.78 Kg/Hp,https://www.kudosprime.com/images/cars/gt7_car_016.jpg?v=1
Abarth 595 SS '70,Road Car,PP 184,RR,48 pts,"≈48,900 Cr",30,1036.0,15.67 Kg/Hp,https://www.kudosprime.com/images/cars/gt7_car_017.jpg?v=1
Alfa Romeo 155 2.5 V6 TI '93,Racing Car,PP 673,4WD,800 pts,"800,000 Cr",413,2227.0,2.45 Kg/Hp,https://www.kudosprime.com/images/cars/gt7_car_018.jpg?v=1
Alfa Romeo 4C '14,Midship|Road Car,PP 523,MR,89 pts,"89,100 Cr",235,2094.0,4.04 Kg/Hp,https://www.kudosprime.com/images/cars/gt7_car_019.jpg?v=1
Alfa Romeo 4C Gr.3,Midship|Racing Car,PP 724,MR,450 pts,"450,000 Cr",528,2690.0,2.31 Kg/Hp,https://www.kudosprime.com/images/cars/gt7_car_020.jpg?v=1
Alfa Romeo 4C Gr.3 Road Car,Midship|Road Car,PP 556,MR,300 pts,"300,000 Cr",443,2910.0,2.98 Kg/Hp,https://www.kudosprime.com/images/cars/gt7_car_021.jpg?v=1
Alfa Romeo 4C Gr.4,Midship|Racing Car,PP 627,MR,350 pts,"350,000 Cr",295,2249.0,3.46 Kg/Hp,https://www.kudosprime.com/images/cars/gt7_car_022.jpg?v=1
Alfa Romeo 8C 2900B Touring Berlinetta '38,Categories unknown,PP ??,??,?? pts,?? Cr,??,,?? Kg/Hp,https://www.kudosprime.com/images/cars/missing.png
Alfa Romeo 8C Competizione '08,Road Car,PP 555,FR,350 pts,"350,000 Cr",442,3494.0,3.59 Kg/Hp,https://www.kudosprime.com/images/cars/gt7_car_023.jpg?v=2
Alfa Romeo GIULIA TZ2 carrozzata da ZAGATO '65,Categories unknown,PP ??,FR,?? pts,?? Cr,164,1367.0,3.78 Kg/Hp,https://www.kudosprime.com//gts/images/cars/gts_car_247.jpg?v=gts
Alfa Romeo MiTo '09,Road Car,PP 396,FF,28 pts,"28,500 Cr",152,2524.0,7.53 Kg/Hp,https://www.kudosprime.com/images/cars/gt7_car_025.jpg?v=1
Alpine A110 '17,Midship|Road Car,PP 522,MR,80 pts,"80,000 Cr",248,2432.0,4.45 Kg/Hp,https://www.kudosprime.com/images/cars/gt7_car_026.jpg?v=1
Alpine A110 '72,Road Car,PP 405,RR,140 pts,"≈140,000 Cr",138,1576.0,5.18 Kg/Hp,https://www.kudosprime.com/images/cars/gt7_car_027.jpg?v=4
Alpine A220 Race Car '68,Categories unknown,PP ??,??,?? pts,?? Cr,??,,?? Kg/Hp,https://www.kudosprime.com/images/cars/gt7_car_028.jpg?v=1
Alpine Alpine VGT,Midship|Road Car|Vision Gran Turismo,PP 656,MR,1000 pts,"1,000,000 Cr",443,1984.0,2.03 Kg/Hp,https://www.kudosprime.com/images/cars/gt7_car_029.jpg?v=1
Alpine Alpine VGT '17,Racing Car|Vision Gran Turismo,PP 906,RR,1000 pts,"1,000,000 Cr",594,2050.0,1.57 Kg/Hp,https://www.kudosprime.com/images/cars/gt7_car_030.jpg?v=1
Alpine Alpine VGT Race,Midship|Racing Car|Vision Gran Turismo,PP 744,MR,1000 pts,"1,000,000 Cr",443,1984.0,2.03 Kg/Hp,https://www.kudosprime.com/images/cars/gt7_car_031.jpg?v=1
AMG 300 SEL 6.8 AMG '71,Categories unknown,PP ??,FR,?? pts,?? Cr,422,3605.0,3.87 Kg/Hp,https://www.kudosprime.com//gts/images/cars/gts_car_316.jpg?v=gts
AMG A 45 AMG '13,Road Car,PP 518,4WD,64 pts,"64,000 Cr",355,3428.0,4.38 Kg/Hp,https://www.kudosprime.com/images/cars/gt7_car_002.jpg?v=1
AMG CLK-LM '98,Categories unknown,PP ??,MR,?? pts,?? Cr,599,2205.0,1.67 Kg/Hp,https://www.kudosprime.com/images/cars/gt7_car_003.jpg?v=1
AMG Mercedes-AMG C 63 S '15,Road Car,PP 571,FR,135 pts,"135,800 Cr",503,3803.0,3.43 Kg/Hp,https://www.kudosprime.com/images/cars/gt7_car_004.jpg?v=1
AMG Mercedes-AMG GT Black Series '20,Road Car,PP 663,FR,420 pts,"420,000 Cr",719,3395.0,2.14 Kg/Hp,https://www.kudosprime.com/images/cars/gt7_car_005.jpg?v=1
AMG Mercedes-AMG GT R '17,Road Car,PP 595,FR,184 pts,"184,000 Cr",576,3660.0,2.88 Kg/Hp,https://www.kudosprime.com/images/cars/gt7_car_006.jpg?v=1
AMG Mercedes-AMG GT S '15,Road Car,PP 577,FR,120 pts,"120,000 Cr",502,3461.0,3.13 Kg/Hp,https://www.kudosprime.com/images/cars/gt7_car_007.jpg?v=1
AMG Mercedes-AMG GT Safety Car,Road Car|Safety Car,PP 586,FR,200 pts,"200,000 Cr",502,3461.0,3.13 Kg/Hp,https://www.kudosprime.com/images/cars/gt7_car_008.jpg?v=1
AMG Mercedes-AMG GT3 '16,Nurburgring 24 Hours|Racing Car,PP 740,FR,450 pts,"450,000 Cr",614,2921.0,2.16 Kg/Hp,https://www.kudosprime.com/images/cars/gt7_car_009.jpg?v=1
AMG Mercedes-Benz AMG VGT,Racing Car|Vision Gran Turismo,PP 644,FR,1000 pts,"1,000,000 Cr",576,3053.0,2.40 Kg/Hp,https://www.kudosprime.com/images/cars/gt7_car_010.jpg?v=2
AMG Mercedes-Benz AMG VGT Racing Series,Categories unknown,PP 737,FR,?? pts,?? Cr,590,2866.0,2.20 Kg/Hp,https://www.kudosprime.com//gts/images/cars/gts_car_050.jpg?v=gts
AMG SLS AMG '10,Road Car,PP 587,FR,360 pts,"360,000 Cr",570,3571.0,2.84 Kg/Hp,https://www.kudosprime.com/images/cars/gt7_car_012.jpg?v=1
AMG SLS AMG GR.4,Racing Car,PP 646,FR,350 pts,"350,000 Cr",419,3120.0,3.38 Kg/Hp,https://www.kudosprime.com/images/cars/gt7_car_014.jpg?v=1
AMG SLS AMG GT3 '11,Racing Car,PP 735,FR,450 pts,"450,000 Cr",614,2976.0,2.20 Kg/Hp,https://www.kudosprime.com/images/cars/gt7_car_013.jpg?v=1
Amuse Amuse NISMO 380RS Super Leggera,Professionally Tuned,PP 552,FR,100 pts,"100,000 Cr",380,3020.0,3.61 Kg/Hp,https://www.kudosprime.com/images/cars/gt7_car_032.jpg?v=1
Amuse S2000 GT1 Turbo,Professionally Tuned,PP 662,FR,250 pts,"250,000 Cr",616,2469.0,1.82 Kg/Hp,https://www.kudosprime.com/images/cars/gt7_car_033.jpg?v=1
Aston Martin DB11 '16,Road Car,PP 578,FR,238 pts,"238,000 Cr",599,3902.0,2.95 Kg/Hp,https://www.kudosprime.com/images/cars/gt7_car_034.jpg?v=1
Aston Martin DB3S '53,Categories unknown,PP ??,FR,?? pts,?? Cr,225,1887.0,3.80 Kg/Hp,https://www.kudosprime.com//gts/images/cars/gts_car_274.jpg?v=gts
Aston Martin DB5 '64,Categories unknown,PP ??,??,?? pts,?? Cr,??,,?? Kg/Hp,https://www.kudosprime.com/images/cars/missing.png
Aston Martin DBR9 GT1 '10,Racing Car,PP 751,FR,800 pts,"800,000 Cr",599,2425.0,1.84 Kg/Hp,https://www.kudosprime.com/images/cars/gt7_car_037.jpg?v=1
Aston Martin DP-100 VGT,Midship|Road Car|Vision Gran Turismo,PP 718,4WD,1000 pts,"1,000,000 Cr",799,3031.0,1.72 Kg/Hp,https://www.kudosprime.com/images/cars/gt7_car_038.jpg?v=1
Aston Martin One-77 '11,Road Car,PP 626,FR,1320 pts,"1,320,000 Cr",748,3594.0,2.18 Kg/Hp,https://www.kudosprime.com/images/cars/gt7_car_039.jpg?v=1
Aston Martin V12 Vantage GT3 '12,Racing Car,PP 742,FR,450 pts,"450,000 Cr",591,2756.0,2.12 Kg/Hp,https://www.kudosprime.com/images/cars/gt7_car_040.jpg?v=1
Aston Martin V8 Vantage GR.4,Racing Car,PP 644,FR,350 pts,"350,000 Cr",399,2976.0,3.38 Kg/Hp,https://www.kudosprime.com/images/cars/gt7_car_041.jpg?v=1
Aston Martin V8 Vantage S '15,Road Car,PP 552,FR,180 pts,"180,000 Cr",429,3549.0,3.75 Kg/Hp,https://www.kudosprime.com/images/cars/gt7_car_042.jpg?v=1
Aston Martin Vulcan '16,Hypercar|Road Car,PP 756,FR,3300 pts,"3,300,000 Cr",820,2998.0,1.66 Kg/Hp,https://www.kudosprime.com/images/cars/gt7_car_043.jpg?v=1
Audi Audi e-tron VGT,Electric Car|Racing Car|Vision Gran Turismo,PP 848,4WD,1000 pts,"1,000,000 Cr",803,3197.0,1.81 Kg/Hp,https://www.kudosprime.com/images/cars/gt7_car_045.jpg?v=1
Audi Audi VGT,Hybrid Car|Racing Car|Vision Gran Turismo,PP 927,4WD,1000 pts,"1,000,000 Cr",735,2756.0,1.70 Kg/Hp,https://www.kudosprime.com/images/cars/gt7_car_044.jpg?v=1
Audi R18 '16,Hybrid Car|Le Mans|Midship|Racing Car,PP 924,4WD,1000 pts,"1,000,000 Cr",506,1929.0,1.73 Kg/Hp,https://www.kudosprime.com/images/cars/gt7_car_046.jpg?v=1
Audi R18 TDI '11,Le Mans|Midship|Racing Car,PP 898,MR,3000 pts,"3,000,000 Cr",532,1984.0,1.69 Kg/Hp,https://www.kudosprime.com/images/cars/gt7_car_047.jpg?v=1
Audi R8 4.2 '07,Midship|Road Car,PP 558,4WD,166 pts,"166,700 Cr",414,3439.0,3.77 Kg/Hp,https://www.kudosprime.com/images/cars/gt7_car_048.jpg?v=1
Audi R8 LMS '15,Midship|Nurburgring 24 Hours|Racing Car,PP 754,MR,800 pts,"800,000 Cr",585,2701.0,2.09 Kg/Hp,https://www.kudosprime.com/images/cars/gt7_car_049.jpg?v=1
Audi R8 LMS Evo '19,Midship|Racing Car,PP 752,MR,450 pts,"450,000 Cr",576,2723.0,2.14 Kg/Hp,https://www.kudosprime.com/images/cars/gt7_car_050.jpg?v=1
Audi Sport Quattro S1 Pikes Peak '87,Categories unknown,PP ??,4WD,?? pts,?? Cr,589,2205.0,1.70 Kg/Hp,https://www.kudosprime.com//gts/images/cars/gts_car_060.jpg?v=gts
Audi TT Coupé 3.2 quattro '03,Road Car,PP 462,4WD,57 pts,"57,800 Cr",239,3351.0,6.36 Kg/Hp,https://www.kudosprime.com/images/cars/gt7_car_052.jpg?v=1
Audi TT CUP '16,Racing Car,PP 638,FF,350 pts,"350,000 Cr",335,2480.0,3.36 Kg/Hp,https://www.kudosprime.com/images/cars/gt7_car_053.jpg?v=1
Audi TTS Coupé '14,Road Car,PP 513,4WD,76 pts,"76,800 Cr",305,3053.0,4.54 Kg/Hp,https://www.kudosprime.com/images/cars/gt7_car_054.jpg?v=1
Autobianchi A112 Abarth '85,Road Car,PP 299,FF,31 pts,"≈31,100 Cr",71,1565.0,10.00 Kg/Hp,https://www.kudosprime.com/images/cars/gt7_car_055.jpg?v=1
BAC Mono '16,Midship|Road Car,PP 641,MR,240 pts,"240,000 Cr",304,1279.0,1.91 Kg/Hp,https://www.kudosprime.com/images/cars/gt7_car_073.jpg?v=1
BMW 3.0 CSL '71,Categories unknown,PP 399,FR,146 pts,"≈146,700 Cr",177,2568.0,6.58 Kg/Hp,https://www.kudosprime.com/images/cars/gt7_car_056.jpg?v=1
BMW 3.0 CSL '73,Road Car,PP 416,FR,?? pts,?? Cr,205,2756.0,6.10 Kg/Hp,https://www.kudosprime.com/images/cars/gt7_car_057.jpg?v=4
BMW BMW VGT,Racing Car|Vision Gran Turismo,PP 723,FR,1000 pts,"1,000,000 Cr",541,2601.0,2.18 Kg/Hp,https://www.kudosprime.com/images/cars/gt7_car_058.jpg?v=1
BMW i3 2015,Electric Car|Midship|Road Car,PP 386,MR,49 pts,"49,900 Cr",166,2778.0,7.59 Kg/Hp,https://www.kudosprime.com/images/cars/gt7_car_072.jpg?v=1
BMW M3 '03,Road Car,PP 522,FR,84 pts,"84,000 Cr",339,3439.0,4.60 Kg/Hp,https://www.kudosprime.com/images/cars/gt7_car_059.jpg?v=1
BMW M3 '07,Road Car,PP 533,FR,93 pts,"93,000 Cr",415,3649.0,3.99 Kg/Hp,https://www.kudosprime.com/images/cars/gt7_car_060.jpg?v=1
BMW M3 '89,Categories unknown,PP ??,??,?? pts,?? Cr,??,,?? Kg/Hp,https://www.kudosprime.com/images/cars/missing.png
BMW M3 GT '11,Nurburgring 24 Hours|Racing Car,PP 725,FR,600 pts,"600,000 Cr",500,2745.0,2.49 Kg/Hp,https://www.kudosprime.com/images/cars/gt7_car_062.jpg?v=1
BMW M3 Sport Evolution '89,Road Car,PP 455,FR,200 pts,"≈200,000 Cr",235,2646.0,5.11 Kg/Hp,https://www.kudosprime.com/images/cars/gt7_car_063.jpg?v=1
BMW M4 '14,Road Car,PP 562,FR,120 pts,"120,000 Cr",425,3300.0,3.52 Kg/Hp,https://www.kudosprime.com/images/cars/gt7_car_064.jpg?v=1
BMW M4 GR.4,Midship|Racing Car,PP 627,FR,350 pts,"350,000 Cr",394,3009.0,3.46 Kg/Hp,https://www.kudosprime.com/images/cars/gt7_car_065.jpg?v=1
BMW M4 Safety Car,Road Car|Safety Car,PP 563,FR,150 pts,"150,000 Cr",425,3300.0,3.52 Kg/Hp,https://www.kudosprime.com/images/cars/gt7_car_066.jpg?v=1
BMW M6 GT3 Endurance Model '16,Nurburgring 24 Hours|Racing Car,PP 732,FR,450 pts,"450,000 Cr",584,2866.0,2.23 Kg/Hp,https://www.kudosprime.com/images/cars/gt7_car_067.jpg?v=1
BMW M6 GT3 Sprint Model '16,Racing Car,PP 732,FR,450 pts,"450,000 Cr",584,2866.0,2.23 Kg/Hp,https://www.kudosprime.com/images/cars/gt7_car_068.jpg?v=1
BMW McLaren F1 GTR Race Car '97,Categories unknown,PP ??,MR,?? pts,?? Cr,585,2094.0,1.62 Kg/Hp,https://www.kudosprime.com/images/cars/gt7_car_069.jpg?v=1
BMW Z4 GT3 '11,Racing Car,PP 723,FR,450 pts,"450,000 Cr",522,2624.0,2.28 Kg/Hp,https://www.kudosprime.com/images/cars/gt7_car_070.jpg?v=1
BMW Z8 '01,Road Car,PP 535,FR,300 pts,"300,000 Cr",395,3549.0,4.08 Kg/Hp,https://www.kudosprime.com/images/cars/gt7_car_071.jpg?v=1
Bugatti Bugatti VGT,Midship|Racing Car|Vision Gran Turismo,PP 906,4WD,1000 pts,"1,000,000 Cr","1,626",3086.0,0.86 Kg/Hp,https://www.kudosprime.com/images/cars/gt7_car_074.jpg?v=1
Bugatti Bugatti VGT (GR.1),Midship|Racing Car|Vision Gran Turismo,PP 940,4WD,1000 pts,"1,000,000 Cr",641,2161.0,1.53 Kg/Hp,https://www.kudosprime.com/images/cars/gt7_car_075.jpg?v=1
Bugatti Veyron 16.4 '13,Midship|Road Car,PP 664,4WD,2000 pts,"2,000,000 Cr",986,4162.0,1.91 Kg/Hp,https://www.kudosprime.com/images/cars/gt7_car_076.jpg?v=1
Bugatti Veyron Gr.4,Racing Car,PP 640,4WD,350 pts,"350,000 Cr",433,3638.0,3.81 Kg/Hp,https://www.kudosprime.com/images/cars/gt7_car_077.jpg?v=1
Chaparral 2J '70,Midship|Racing Car,PP 874,MR,2500 pts,"≈2,500,000 Cr",679,1810.0,1.21 Kg/Hp,https://www.kudosprime.com/images/cars/gt7_car_078.jpg?v=1
Chaparral Chevrolet Chaparral 2X VGT,Racing Car|Vision Gran Turismo,PP 1032,??,1000 pts,"1,000,000 Cr",81,,?? Kg/Hp,https://www.kudosprime.com/images/cars/gt7_car_079.jpg?v=1
Chevrolet Camaro SS '16,Road Car,PP 553,FR,35 pts,"35,000 Cr",453,3686.0,3.69 Kg/Hp,https://www.kudosprime.com/images/cars/gt7_car_080.jpg?v=1
Chevrolet Camaro Z28 '69,Road Car,PP 433,FR,82 pts,"≈82,000 Cr",289,3120.0,4.90 Kg/Hp,https://www.kudosprime.com//gts/images/cars/gts_car_298.jpg?v=gts
Chevrolet Camaro ZL1 1LE Package '18,Road Car,PP 621,FR,79 pts,"79,500 Cr",649,3818.0,2.67 Kg/Hp,https://www.kudosprime.com/images/cars/gt7_car_082.jpg?v=1
Chevrolet Corvette (C2) '63,Road Car,PP 482,FR,178 pts,"178,000 Cr",359,3042.0,3.84 Kg/Hp,https://www.kudosprime.com/images/cars/gt7_car_083.jpg?v=1
Chevrolet Corvette C7 '14,Road Car,PP 571,FR,51 pts,"51,000 Cr",453,3307.0,3.31 Kg/Hp,https://www.kudosprime.com/images/cars/gt7_car_084.jpg?v=1
Chevrolet Corvette C7 Gr.3,Racing Car,PP 728,FR,450 pts,"450,000 Cr",571,2866.0,2.28 Kg/Hp,https://www.kudosprime.com/images/cars/gt7_car_085.jpg?v=1
Chevrolet Corvette C7 Gr.3 Road Car,Road Car,PP 570,FR,300 pts,"300,000 Cr",493,3263.0,3.00 Kg/Hp,https://www.kudosprime.com/images/cars/gt7_car_086.jpg?v=1
Chevrolet Corvette C7 Gr.4,Racing Car,PP 649,FR,350 pts,"350,000 Cr",414,2976.0,3.26 Kg/Hp,https://www.kudosprime.com/images/cars/gt7_car_087.jpg?v=1
Chevrolet Corvette C7 ZR1 '19,Road Car,PP 641,FR,134 pts,"134,000 Cr",754,3560.0,2.14 Kg/Hp,https://www.kudosprime.com/images/cars/gt7_car_088.jpg?v=1
Chevrolet Corvette Convertible (C3) '69,Road Car,PP 443,FR,65 pts,"≈65,000 Cr",303,3422.0,5.12 Kg/Hp,https://www.kudosprime.com/images/cars/gt7_car_089.jpg?v=3
Chevrolet Corvette Stingray (C3) '69,Categories unknown,PP ??,FR,?? pts,?? Cr,350,3285.0,4.26 Kg/Hp,https://www.kudosprime.com//gt6/images/cars/gt6_car_1036.jpg?v=gt6
Chevrolet Corvette Stingray Racer Concept '59,Categories unknown,PP ??,FR,?? pts,?? Cr,305,2535.0,3.77 Kg/Hp,https://www.kudosprime.com//gts/images/cars/gts_car_311.jpg?v=gts
Chevrolet Corvette ZR-1 (C4) '89,Categories unknown,PP 502,FR,105 pts,"≈105,000 Cr",375,3466.0,4.19 Kg/Hp,https://www.kudosprime.com/images/cars/gt7_car_092.jpg?v=1
Chevrolet Corvette ZR1 (C6) '09,Road Car,PP 603,FR,120 pts,"120,000 Cr",639,3325.0,2.36 Kg/Hp,https://www.kudosprime.com/images/cars/gt7_car_093.jpg?v=1
Chris Holstrom Concepts CHC 1967 Chevy Nova,Gran Turismo Award|Professionally Tuned,PP 608,FR,300 pts,"300,000 Cr",732,3012.0,1.87 Kg/Hp,https://www.kudosprime.com/images/cars/gt7_car_094.jpg?v=1
Citroen GT BY Citroën GR.4,Midship|Racing Car,PP 653,MR,350 pts,"350,000 Cr",394,2866.0,3.30 Kg/Hp,https://www.kudosprime.com/images/cars/gt7_car_095.jpg?v=1
Citroen GT by Citroën Race Car (Gr.3),Midship|Racing Car,PP 762,MR,450 pts,"450,000 Cr",599,2646.0,2.00 Kg/Hp,https://www.kudosprime.com/images/cars/gt7_car_096.jpg?v=1
Citroen GT by Citroën Road Car,Midship|Road Car,PP 589,MR,1000 pts,"1,000,000 Cr",500,3197.0,2.90 Kg/Hp,https://www.kudosprime.com/images/cars/gt7_car_097.jpg?v=1
Daihatsu Copen '02,Kei Car|Road Car,PP 279,FF,18 pts,"18,000 Cr",62,1830.0,13.39 Kg/Hp,https://www.kudosprime.com/images/cars/gt7_car_100.jpg?v=1
Daihatsu COPEN RJ VGT,Racing Car|Vision Gran Turismo,PP 484,FF,1000 pts,"1,000,000 Cr",146,1323.0,4.11 Kg/Hp,https://www.kudosprime.com/images/cars/gt7_car_101.jpg?v=1
De Tomaso Mangusta '69,Midship|Road Car,PP 476,MR,245 pts,"245,000 Cr",300,2612.0,3.95 Kg/Hp,https://www.kudosprime.com/images/cars/gt7_car_103.jpg?v=1
De Tomaso Pantera '71,Midship|Road Car,PP 462,MR,?? pts,?? Cr,330,3131.0,4.30 Kg/Hp,https://www.kudosprime.com/images/cars/gt7_car_102.jpg?v=3
DMC DeLorean S2 '04,Road Car,PP 434,RR,525 pts,"525,000 Cr",197,2840.0,6.54 Kg/Hp,https://www.kudosprime.com/images/cars/gt7_car_098.jpg?v=1
Dodge Challenger R/T '70,Road Car,PP 463,FR,253 pts,"≈253,000 Cr",425,3801.0,4.06 Kg/Hp,https://www.kudosprime.com/images/cars/gt7_car_104.jpg?v=1
Dodge Charger SRT Hellcat '15,Road Car,PP 591,FR,76 pts,"76,800 Cr",707,4365.0,2.80 Kg/Hp,https://www.kudosprime.com/images/cars/gt7_car_105.jpg?v=1
Dodge Charger SRT Hellcat Safety Car,Road Car|Safety Car,PP 592,FR,100 pts,"100,000 Cr",707,4365.0,2.80 Kg/Hp,https://www.kudosprime.com/images/cars/gt7_car_106.jpg?v=1
Dodge SRT Tomahawk GTS-R VGT,Hybrid Car|Midship|Racing Car|Vision Gran Turismo,PP 1140,4WD,1000 pts,"1,000,000 Cr","1,449",1462.0,0.46 Kg/Hp,https://www.kudosprime.com/images/cars/gt7_car_107.jpg?v=1
Dodge SRT Tomahawk S VGT,Hybrid Car|Midship|Road Car|Vision Gran Turismo,PP 916,4WD,1000 pts,"1,000,000 Cr","1,006",2030.0,0.92 Kg/Hp,https://www.kudosprime.com/images/cars/gt7_car_108.jpg?v=1
Dodge SRT Tomahawk VGT (Gr.1),Racing Car|Vision Gran Turismo,PP 946,MR,1000 pts,"1,000,000 Cr",693,2094.0,1.37 Kg/Hp,https://www.kudosprime.com/images/cars/gt7_car_109.jpg?v=1
Dodge SRT Tomahawk X VGT,Hybrid Car|Midship|Racing Car|Vision Gran Turismo,PP 1336,4WD,1000 pts,"1,000,000 Cr","2,586",1651.0,0.29 Kg/Hp,https://www.kudosprime.com/images/cars/gt7_car_110.jpg?v=1
Dodge Super Bee '70,Road Car,PP 429,FR,?? pts,?? Cr,328,3380.0,4.67 Kg/Hp,https://www.kudosprime.com/images/cars/gt7_car_111.jpg?v=1
Dodge Viper Gr.4,Racing Car,PP 649,FR,350 pts,"350,000 Cr",428,3086.0,3.27 Kg/Hp,https://www.kudosprime.com/images/cars/gt7_car_114.jpg?v=1
Dodge Viper GTS '02,Road Car,PP 554,FR,120 pts,"120,000 Cr",448,3459.0,3.50 Kg/Hp,https://www.kudosprime.com/images/cars/gt7_car_112.jpg?v=1
Dodge Viper GTS '13,Road Car,PP 592,FR,140 pts,"140,000 Cr",640,3430.0,2.43 Kg/Hp,https://www.kudosprime.com/images/cars/gt7_car_113.jpg?v=1
Dodge Viper SRT GT3-R '15,Racing Car,PP 756,FR,450 pts,"450,000 Cr",678,2844.0,1.90 Kg/Hp,https://www.kudosprime.com/images/cars/gt7_car_115.jpg?v=1
Dodge Viper SRT10 Coupe '06,Road Car,PP 571,FR,130 pts,"130,000 Cr",508,3450.0,3.08 Kg/Hp,https://www.kudosprime.com/images/cars/gt7_car_116.jpg?v=1
DS Automobiles DS3 Racing '11,Road Car,PP 438,FF,31 pts,"31,000 Cr",203,2568.0,5.74 Kg/Hp,https://www.kudosprime.com/images/cars/gt7_car_099.jpg?v=1
Eckert's Rod & Customs Mach Forty,Gran Turismo Award|Midship|Professionally Tuned,PP 626,MR,300 pts,"300,000 Cr",787,3501.0,2.02 Kg/Hp,https://www.kudosprime.com/images/cars/gt7_car_117.jpg?v=1
Ferrari 250 GT Berlinetta passo corto '61,Categories unknown,PP ??,FR,?? pts,?? Cr,267,2116.0,3.60 Kg/Hp,https://www.kudosprime.com//gts/images/cars/gts_car_286.jpg?v=gts
Ferrari 250 GTO '62,Categories unknown,PP ??,FR,?? pts,?? Cr,287,1940.0,3.07 Kg/Hp,https://www.kudosprime.com//gts/images/cars/gts_car_236.jpg?v=gts
Ferrari 308 GTB '75,Categories unknown,PP ??,??,?? pts,?? Cr,??,,?? Kg/Hp,https://www.kudosprime.com/images/cars/missing.png
Ferrari 330 P4 '67,Categories unknown,PP ??,MR,?? pts,?? Cr,435,1746.0,1.82 Kg/Hp,https://www.kudosprime.com//gts/images/cars/gts_car_185.jpg?v=gts
Ferrari 365 GTB4 '71,Categories unknown,PP ??,FR,?? pts,?? Cr,336,2646.0,3.57 Kg/Hp,https://www.kudosprime.com//gts/images/cars/gts_car_314.jpg?v=gts
Ferrari 458 Italia '09,Midship|Road Car,PP 609,MR,283 pts,"283,000 Cr",563,3274.0,2.64 Kg/Hp,https://www.kudosprime.com/images/cars/gt7_car_123.jpg?v=1
Ferrari 458 Italia Gr.4,Midship|Racing Car,PP 639,MR,350 pts,"350,000 Cr",374,2976.0,3.61 Kg/Hp,https://www.kudosprime.com/images/cars/gt7_car_125.jpg?v=1
Ferrari 458 Italia GT3 '13,Midship|Racing Car,PP 747,MR,450 pts,"450,000 Cr",542,2679.0,2.24 Kg/Hp,https://www.kudosprime.com/images/cars/gt7_car_124.jpg?v=1
Ferrari 500 Mondial Pinin Farina '54,Road Car,PP 463,FR,4000 pts,"4,000,000 Cr",168,1587.0,4.29 Kg/Hp,https://www.kudosprime.com/images/cars/gt7_car_126.jpg?v=2
Ferrari 512 BB '76,Midship|Road Car,PP 514,MR,?? pts,?? Cr,359,3086.0,3.90 Kg/Hp,https://www.kudosprime.com/images/cars/gt7_car_127.jpg?v=3
Ferrari Dino 246 GT '71,Midship|Road Car,PP 436,MR,?? pts,?? Cr,194,2381.0,5.57 Kg/Hp,https://www.kudosprime.com/images/cars/gt7_car_128.jpg?v=3
Ferrari Enzo Ferrari '02,Midship|Road Car,PP 655,MR,2500 pts,"2,500,000 Cr",658,2767.0,1.91 Kg/Hp,https://www.kudosprime.com/images/cars/gt7_car_129.jpg?v=1
Ferrari F12berlinetta '12,Road Car,PP 634,FR,373 pts,"373,000 Cr",730,3362.0,2.09 Kg/Hp,https://www.kudosprime.com/images/cars/gt7_car_130.jpg?v=1
Ferrari F40 '92,Midship|Road Car,PP 603,MR,1350 pts,"1,350,000 Cr",471,2425.0,2.34 Kg/Hp,https://www.kudosprime.com/images/cars/gt7_car_131.jpg?v=1
Ferrari F430 '06,Midship|Road Car,PP 591,MR,243 pts,"243,200 Cr",495,3197.0,2.93 Kg/Hp,https://www.kudosprime.com/images/cars/gt7_car_132.jpg?v=1
Ferrari F50 '95,Midship|Road Car,PP 609,MR,3300 pts,"3,300,000 Cr",511,2712.0,2.41 Kg/Hp,https://www.kudosprime.com/images/cars/gt7_car_133.jpg?v=1
Ferrari F8 Tributo '19,Midship|Road Car,PP 687,MR,330 pts,"330,500 Cr",710,2932.0,1.87 Kg/Hp,https://www.kudosprime.com/images/cars/gt7_car_134.jpg?v=1
Ferrari FXX K' '14,Hybrid Car|Hypercar|Midship|Road Car,PP 812,MR,3600 pts,"3,600,000 Cr","1,034",2568.0,1.13 Kg/Hp,https://www.kudosprime.com/images/cars/gt7_car_424.jpg?v=1
Ferrari GTO '84,Categories unknown,PP ??,MR,?? pts,?? Cr,382,2557.0,3.04 Kg/Hp,https://www.kudosprime.com//gts/images/cars/gts_car_257.jpg?v=gts
Ferrari LaFerrari '13,Hybrid Car|Midship|Road Car,PP 738,MR,1600 pts,"1,600,000 Cr",949,2767.0,1.32 Kg/Hp,https://www.kudosprime.com/images/cars/gt7_car_136.jpg?v=1
Ferrari Testarossa '91,Categories unknown,PP ??,??,?? pts,?? Cr,??,,?? Kg/Hp,https://www.kudosprime.com/images/cars/gt7_car_137.jpg?v=1
Fiat 500 1.2 8V Lounge SS '08,Road Car,PP 267,FF,17 pts,"17,000 Cr",65,2227.0,15.54 Kg/Hp,https://www.kudosprime.com/images/cars/gt7_car_138.jpg?v=1
Fiat 500 F '68,Road Car,PP 86,RR,21 pts,"≈21,000 Cr",17,1146.0,30.59 Kg/Hp,https://www.kudosprime.com/images/cars/gt7_car_139.jpg?v=1
Ford F-150 SVT Raptor '11,Pickup Truck|Road Car,PP 417,4WD,95 pts,"95,000 Cr",411,6005.0,6.63 Kg/Hp,https://www.kudosprime.com/images/cars/gt7_car_140.jpg?v=2
Ford Focus Gr.B Rally Car,Racing Car,PP 651,4WD,450 pts,"450,000 Cr",538,2778.0,2.34 Kg/Hp,https://www.kudosprime.com/images/cars/gt7_car_141.jpg?v=2
Ford Focus RS '18,Road Car,PP 514,4WD,41 pts,"41,000 Cr",350,3433.0,4.45 Kg/Hp,https://www.kudosprime.com/images/cars/gt7_car_142.jpg?v=2
Ford Focus ST '15,Road Car,PP 491,FF,29 pts,"29,250 Cr",250,3223.0,5.85 Kg/Hp,https://www.kudosprime.com/images/cars/gt7_car_143.jpg?v=2
Ford Ford GT '06,Midship|Road Car,PP 597,MR,460 pts,"460,000 Cr",550,3199.0,2.64 Kg/Hp,https://www.kudosprime.com/images/cars/gt7_car_144.jpg?v=2
Ford Ford GT '17,Midship|Road Car,PP 621,MR,550 pts,"550,000 Cr",646,3053.0,2.14 Kg/Hp,https://www.kudosprime.com/images/cars/gt7_car_145.jpg?v=2
Ford GT LM Race Car Spec II,Midship|Racing Car,PP 752,MR,1600 pts,"1,600,000 Cr",606,2491.0,1.86 Kg/Hp,https://www.kudosprime.com/images/cars/gt7_car_146.jpg?v=2
Ford GT LM Spec II Test Car,Midship|Racing Car,PP 760,MR,1200 pts,"1,200,000 Cr",590,2568.0,1.97 Kg/Hp,https://www.kudosprime.com/images/cars/gt7_car_147.jpg?v=2
Ford GT40 GT Race Car '18,Midship|Racing Car,PP 734,MR,1000 pts,"1,000,000 Cr",527,2646.0,2.28 Kg/Hp,https://www.kudosprime.com/images/cars/gt7_car_148.jpg?v=2
Ford GT40 Mark I '66,Midship|Road Car,PP 549,MR,5600 pts,"5,600,000 Cr",354,2381.0,3.05 Kg/Hp,https://www.kudosprime.com/images/cars/gt7_car_149.jpg?v=1
Ford Mark IV Race Car '67,Le Mans|Midship|Racing Car,PP 708,MR,4600 pts,"4,600,000 Cr",503,2205.0,1.99 Kg/Hp,https://www.kudosprime.com/images/cars/gt7_car_150.jpg?v=1
Ford Mustang Boss 429 '69,Road Car,PP 486,FR,259 pts,"≈259,000 Cr",734,3558.0,2.20 Kg/Hp,https://www.kudosprime.com/images/cars/gt7_car_151.jpg?v=1
Ford Mustang Gr.3,Racing Car,PP 726,FR,450 pts,"450,000 Cr",568,2866.0,2.29 Kg/Hp,https://www.kudosprime.com/images/cars/gt7_car_153.jpg?v=2
Ford Mustang Gr.3 Road Car,Road Car,PP 559,FR,300 pts,"300,000 Cr",502,3307.0,2.99 Kg/Hp,https://www.kudosprime.com/images/cars/gt7_car_154.jpg?v=2
Ford Mustang Gr.4,Racing Car,PP 639,FR,350 pts,"350,000 Cr",395,3086.0,3.54 Kg/Hp,https://www.kudosprime.com/images/cars/gt7_car_155.jpg?v=2
Ford Mustang Gr.B Rally Car,Racing Car,PP 651,4WD,450 pts,"450,000 Cr",549,3042.0,2.51 Kg/Hp,https://www.kudosprime.com/images/cars/gt7_car_156.jpg?v=2
Ford Mustang GT '15,Road Car,PP 536,FR,44 pts,"44,310 Cr",434,3706.0,3.87 Kg/Hp,https://www.kudosprime.com/images/cars/gt7_car_152.jpg?v=2
Ford Mustang Mach 1 '71,Road Car,PP 428,FR,?? pts,?? Cr,302,3560.0,5.35 Kg/Hp,https://www.kudosprime.com/images/cars/gt7_car_157.jpg?v=1
Ford Shelby GT350R '16,Road Car,PP 574,FR,75 pts,"75,000 Cr",525,3655.0,3.16 Kg/Hp,https://www.kudosprime.com/images/cars/gt7_car_158.jpg?v=2
Genesis G70 3.3T AWD P.Package '22,Road Car,PP 502,4WD,96 pts,"96,500 Cr",366,4001.0,4.96 Kg/Hp,https://www.kudosprime.com/images/cars/gt7_car_159.jpg?v=1
Genesis G70 GR4,Racing Car,PP 653,4WD,350 pts,"350,000 Cr",414,3086.0,3.38 Kg/Hp,https://www.kudosprime.com/images/cars/gt7_car_160.jpg?v=1
Genesis Genesis X GR3,Racing Car,PP 724,FR,450 pts,"450,000 Cr",547,2822.0,2.34 Kg/Hp,https://www.kudosprime.com/images/cars/gt7_car_161.jpg?v=1
Gran Turismo F1500T-A,Midship|Racing Car,PP 909,MR,1000 pts,"1,000,000 Cr",986,1190.0,0.55 Kg/Hp,https://www.kudosprime.com/images/cars/gt7_car_163.jpg?v=1
Gran Turismo Racing Kart 125 Shifter,Kart|Midship|Racing Car,PP 587,MR,10 pts,"10,000 Cr",49,231.0,2.14 Kg/Hp,https://www.kudosprime.com/images/cars/gt7_car_162.jpg?v=1
Gran Turismo Red Bull X2014 Junior,Midship|Racing Car,PP 699,MR,350 pts,"350,000 Cr",246,1213.0,2.24 Kg/Hp,https://www.kudosprime.com/images/cars/gt7_car_164.jpg?v=1
Gran Turismo Red Bull X2014 Standard,Midship|Racing Car,PP 1066,MR,3000 pts,"3,000,000 Cr",798,1433.0,0.81 Kg/Hp,https://www.kudosprime.com/images/cars/gt7_car_165.jpg?v=1
Gran Turismo Red Bull X2019 Competition,Midship|Racing Car,PP 958,MR,3000 pts,"3,000,000 Cr",804,1433.0,0.81 Kg/Hp,https://www.kudosprime.com/images/cars/gt7_car_166.jpg?v=1
Greddy Greddy Fugu Z,Gran Turismo Award|Professionally Tuned,PP 542,FR,300 pts,"300,000 Cr",294,2425.0,3.74 Kg/Hp,https://www.kudosprime.com/images/cars/gt7_car_167.jpg?v=1
Honda 2&4 powered by RC213V,Concept Car|Midship|Road Car,PP 555,MR,1000 pts,"1,000,000 Cr",211,893.0,1.92 Kg/Hp,https://www.kudosprime.com/images/cars/gt7_car_168.jpg?v=1
Honda Beat '91,Kei Car|Midship|Road Car,PP 310,MR,?? pts,?? Cr,64,1676.0,11.88 Kg/Hp,https://www.kudosprime.com/images/cars/gt7_car_169.jpg?v=3
Honda Civic Type R (EK) '97,Road Car,PP 413,FF,51 pts,"≈51,200 Cr",176,2315.0,5.97 Kg/Hp,https://www.kudosprime.com/images/cars/gt7_car_170.jpg?v=1
Honda Civic Type R (EK) '98,Road Car,PP 414,FF,35 pts,"≈35,000 Cr",181,2315.0,5.80 Kg/Hp,https://www.kudosprime.com/images/cars/gt7_car_171.jpg?v=1
Honda Civic Type R (EK) Touring Car,Professionally Tuned,PP 519,FF,116 pts,"≈116,600 Cr",247,1863.0,3.42 Kg/Hp,https://www.kudosprime.com/images/cars/gt7_car_172.jpg?v=1
Honda Civic Type R (FK2) '15,Road Car,PP 505,FF,42 pts,"42,800 Cr",305,3042.0,4.52 Kg/Hp,https://www.kudosprime.com/images/cars/gt7_car_173.jpg?v=1
Honda Civic Type R Limited Edition (FK8) '20,Road Car,PP 517,FF,55 pts,"55,000 Cr",315,3020.0,4.35 Kg/Hp,https://www.kudosprime.com/images/cars/gt7_car_174.jpg?v=1
Honda Fit Hybrid '14,Hybrid Car|Road Car,PP 328,FF,16 pts,"16,800 Cr",138,2381.0,7.83 Kg/Hp,https://www.kudosprime.com/images/cars/gt7_car_175.jpg?v=1
Honda Honda Sports VGT,Midship|Road Car|Vision Gran Turismo,PP 658,MR,1000 pts,"1,000,000 Cr",403,1982.0,2.23 Kg/Hp,https://www.kudosprime.com/images/cars/gt7_car_176.jpg?v=1
Honda Integra Type R (DC2) '95,Road Car,PP 431,FF,67 pts,"≈67,000 Cr",197,2337.0,5.38 Kg/Hp,https://www.kudosprime.com/images/cars/gt7_car_177.jpg?v=1
Honda Integra Type R (DC2) '98,Road Car,PP 435,FF,35 pts,"≈35,000 Cr",194,2381.0,5.57 Kg/Hp,https://www.kudosprime.com/images/cars/gt7_car_178.jpg?v=2
Honda NSX '17,Hybrid Car|Midship|Road Car,PP 577,4WD,230 pts,"230,000 Cr",570,3924.0,3.12 Kg/Hp,https://www.kudosprime.com/images/cars/gt7_car_179.jpg?v=1
Honda NSX CONCEPT-GT '16,GT500|Midship|Racing Car,PP 855,MR,800 pts,"800,000 Cr",603,2313.0,1.74 Kg/Hp,https://www.kudosprime.com/images/cars/gt7_car_180.jpg?v=1
Honda NSX Gr.3,Midship|Racing Car,PP 729,MR,450 pts,"450,000 Cr",568,2866.0,2.29 Kg/Hp,https://www.kudosprime.com/images/cars/gt7_car_182.jpg?v=1
Honda NSX Gr.4,Midship|Racing Car,PP 647,MR,350 pts,"350,000 Cr",394,2998.0,3.45 Kg/Hp,https://www.kudosprime.com/images/cars/gt7_car_183.jpg?v=1
Honda NSX Gr.B Rally Car,Racing Car,PP 656,4WD,450 pts,"450,000 Cr",557,2866.0,2.33 Kg/Hp,https://www.kudosprime.com/images/cars/gt7_car_184.jpg?v=1
Honda NSX GT500 '08,GT500|Midship|Racing Car,PP 804,MR,800 pts,"800,000 Cr",518,2535.0,2.22 Kg/Hp,https://www.kudosprime.com/images/cars/gt7_car_181.jpg?v=1
Honda NSX Type R '02,Midship|Road Car,PP 526,MR,500 pts,"500,000 Cr",290,2800.0,4.38 Kg/Hp,https://www.kudosprime.com/images/cars/gt7_car_185.jpg?v=1
Honda NSX Type R '92,Midship|Road Car,PP 522,MR,398 pts,"≈398,200 Cr",288,2712.0,4.27 Kg/Hp,https://www.kudosprime.com/images/cars/gt7_car_186.jpg?v=4
Honda S2000 '99,Road Car,PP 475,FR,100 pts,"≈100,100 Cr",242,2734.0,5.12 Kg/Hp,https://www.kudosprime.com/images/cars/gt7_car_187.jpg?v=2
Honda S660 '15,Kei Car|Midship|Road Car,PP 331,MR,19 pts,"19,800 Cr",63,1830.0,13.17 Kg/Hp,https://www.kudosprime.com/images/cars/gt7_car_188.jpg?v=1
Honda S800 '66,Road Car,PP 272,FR,44 pts,"≈44,800 Cr",68,1587.0,10.59 Kg/Hp,https://www.kudosprime.com/images/cars/gt7_car_189.jpg?v=1
Hyundai Genesis Coupe 3.8 '13,Road Car,PP 503,FR,33 pts,"33,000 Cr",343,3433.0,4.54 Kg/Hp,https://www.kudosprime.com/images/cars/gt7_car_190.jpg?v=1
Hyundai Genesis Gr.3,Racing Car,PP 730,FR,450 pts,"450,000 Cr",575,2756.0,2.17 Kg/Hp,https://www.kudosprime.com/images/cars/gt7_car_191.jpg?v=1
Hyundai Genesis Gr.4,Racing Car,PP 633,FR,350 pts,"350,000 Cr",384,2976.0,3.52 Kg/Hp,https://www.kudosprime.com/images/cars/gt7_car_192.jpg?v=1
Hyundai Genesis GR.B Rally Car,Racing Car,PP 648,4WD,450 pts,"450,000 Cr",499,2756.0,2.51 Kg/Hp,https://www.kudosprime.com/images/cars/gt7_car_193.jpg?v=1
Hyundai HYUNDAI N 2025 VGT,Electric Car|Midship|Racing Car|Vision Gran Turismo,PP 1000,4WD,1000 pts,"1,000,000 Cr",870,2143.0,1.12 Kg/Hp,https://www.kudosprime.com/images/cars/gt7_car_195.jpg?v=1
Hyundai HYUNDAI N 2025 VGT (Gr.1),Midship|Racing Car|Vision Gran Turismo,PP 929,4WD,1000 pts,"1,000,000 Cr",640,2143.0,1.52 Kg/Hp,https://www.kudosprime.com/images/cars/gt7_car_194.jpg?v=1
Infiniti INFINITI CONCEPT VGT,Hybrid Car|Road Car|Vision Gran Turismo,PP 643,FR,1000 pts,"1,000,000 Cr",535,3704.0,3.14 Kg/Hp,https://www.kudosprime.com/images/cars/gt7_car_196.jpg?v=1
Jaguar D-Type '54,Categories unknown,PP ??,FR,?? pts,?? Cr,250,1874.0,3.40 Kg/Hp,https://www.kudosprime.com//gts/images/cars/gts_car_303.jpg?v=gts
Jaguar E-Type Coupé '61,Road Car,PP 430,FR,162 pts,"162,000 Cr",264,2866.0,4.92 Kg/Hp,https://www.kudosprime.com/images/cars/gt7_car_198.jpg?v=1
Jaguar F-Type Gr.3,Racing Car,PP 727,FR,450 pts,"450,000 Cr",552,2756.0,2.26 Kg/Hp,https://www.kudosprime.com/images/cars/gt7_car_199.jpg?v=1
Jaguar F-Type Gr.4,Racing Car,PP 642,FR,350 pts,"350,000 Cr",399,2976.0,3.38 Kg/Hp,https://www.kudosprime.com/images/cars/gt7_car_200.jpg?v=1
Jaguar F-Type R '14,Road Car,PP 566,FR,128 pts,"128,600 Cr",542,3638.0,3.04 Kg/Hp,https://www.kudosprime.com/images/cars/gt7_car_201.jpg?v=1
Jaguar Jaguar VFT SV,Electric Car|Racing Car|Vision Gran Turismo,PP 1035,4WD,1000 pts,"1,000,000 Cr","1,876",3086.0,0.75 Kg/Hp,https://www.kudosprime.com/images/cars/gt7_car_425.jpg?v=1
Jaguar Jaguar VGT Coupé,Electric Car|Road Car|Vision Gran Turismo,PP 750,4WD,1000 pts,"1,000,000 Cr","1,004",3086.0,1.39 Kg/Hp,https://www.kudosprime.com/images/cars/gt7_car_202.jpg?v=1
Jaguar Jaguar VGT Roadster,Electric Car|Road Car|Vision Gran Turismo,PP 748,4WD,1000 pts,"1,000,000 Cr","1,004",3086.0,1.39 Kg/Hp,https://www.kudosprime.com/images/cars/gt7_car_203.jpg?v=1
Jaguar XJ13 '66,Le Mans|Midship|Racing Car,PP 704,MR,2000 pts,"2,000,000 Cr",510,2200.0,1.96 Kg/Hp,https://www.kudosprime.com/images/cars/gt7_car_204.jpg?v=1
Jaguar XJR-9 '88,Categories unknown,PP ??,MR,?? pts,?? Cr,749,1971.0,1.19 Kg/Hp,https://www.kudosprime.com//gts/images/cars/gts_car_222.jpg?v=gts
Jeep Willys MB '45,Road Car,PP 197,4WD,27 pts,"≈27,000 Cr",60,2454.0,18.55 Kg/Hp,https://www.kudosprime.com/images/cars/missing.png
KTM X-BOW R '12,Road Car,PP 600,MR,100 pts,"100,000 Cr",298,1742.0,2.65 Kg/Hp,https://www.kudosprime.com/images/cars/gt7_car_207.jpg?v=1
Lamborghini Aventador LP 700-4 '11,Midship|Road Car,PP 628,4WD,400 pts,"400,000 Cr",690,3472.0,2.28 Kg/Hp,https://www.kudosprime.com/images/cars/gt7_car_208.jpg?v=1
Lamborghini Aventador LP 750-4 SV '15,Midship|Road Car,PP 665,4WD,500 pts,"500,000 Cr",739,3362.0,2.06 Kg/Hp,https://www.kudosprime.com/images/cars/gt7_car_209.jpg?v=1
Lamborghini Countach 25th Anniversary '88,Midship|Road Car,PP 521,MR,713 pts,"≈713,300 Cr",443,3285.0,3.36 Kg/Hp,https://www.kudosprime.com/images/cars/gt7_car_210.jpg?v=3
Lamborghini Countach LP400 '74,Categories unknown,PP ??,MR,?? pts,?? Cr,374,2348.0,2.85 Kg/Hp,https://www.kudosprime.com//gts/images/cars/gts_car_175.jpg?v=gts
Lamborghini Diablo GT '00,Midship|Road Car,PP 589,MR,?? pts,?? Cr,570,3285.0,2.61 Kg/Hp,https://www.kudosprime.com/images/cars/gt7_car_212.jpg?v=1
Lamborghini Huracán Gr.4,Midship|Racing Car,PP 664,4WD,350 pts,"350,000 Cr",404,3009.0,3.38 Kg/Hp,https://www.kudosprime.com/images/cars/gt7_car_214.jpg?v=1
Lamborghini Huracán GT3 '15,Midship|Racing Car,PP 754,MR,450 pts,"450,000 Cr",576,2712.0,2.14 Kg/Hp,https://www.kudosprime.com/images/cars/gt7_car_213.jpg?v=1
Lamborghini Huracán LP 610-4 '15,Midship|Road Car,PP 624,4WD,297 pts,"297,000 Cr",601,3135.0,2.37 Kg/Hp,https://www.kudosprime.com/images/cars/gt7_car_215.jpg?v=1
Lamborghini Lambo V12 VGT,Hybrid Car|Road Car|Vision Gran Turismo,PP 820,4WD,1000 pts,"1,000,000 Cr",774,1806.0,1.06 Kg/Hp,https://www.kudosprime.com/images/cars/gt7_car_216.jpg?v=1
Lamborghini Miura P400 Bertone Prototype '67,Categories unknown,PP ??,MR,?? pts,?? Cr,349,2161.0,2.81 Kg/Hp,https://www.kudosprime.com//gts/images/cars/gts_car_225.jpg?v=gts
Lamborghini Murciélago LP 640 '09,Midship|Road Car,PP 608,4WD,385 pts,"385,600 Cr",631,3671.0,2.64 Kg/Hp,https://www.kudosprime.com/images/cars/gt7_car_218.jpg?v=2
Lamborghini Veneno '14,Hypercar|Midship|Road Car,PP 692,4WD,3640 pts,"3,640,000 Cr",739,3197.0,1.96 Kg/Hp,https://www.kudosprime.com/images/cars/gt7_car_219.jpg?v=1
Lancia Delta HF Integrale Evoluzione '91,Road Car,PP 395,4WD,?? pts,?? Cr,212,2976.0,6.37 Kg/Hp,https://www.kudosprime.com/images/cars/gt7_car_221.jpg?v=2
Lancia Stratos '73,Midship|Road Car,PP 434,MR,532 pts,"≈532,100 Cr",185,2161.0,5.30 Kg/Hp,https://www.kudosprime.com/images/cars/gt7_car_220.jpg?v=1
Lexus LC500 '17,Road Car,PP 544,FR,150 pts,"150,000 Cr",469,4277.0,4.14 Kg/Hp,https://www.kudosprime.com/images/cars/gt7_car_222.jpg?v=1
Lexus LF-LC GT VGT,Hybrid Car|Racing Car|Vision Gran Turismo,PP 851,FR,1000 pts,"1,000,000 Cr",612,2370.0,1.76 Kg/Hp,https://www.kudosprime.com/images/cars/gt7_car_223.jpg?v=1
Lexus R CF Gr.4,Racing Car,PP 640,FR,350 pts,"350,000 Cr",419,3086.0,3.34 Kg/Hp,https://www.kudosprime.com/images/cars/gt7_car_228.jpg?v=1
Lexus RC F '14,Road Car,PP 543,FR,95 pts,"95,300 Cr",469,3946.0,3.82 Kg/Hp,https://www.kudosprime.com/images/cars/gt7_car_224.jpg?v=1
Lexus RC F GT3 '17,Racing Car,PP 721,FR,450 pts,"450,000 Cr",535,2866.0,2.43 Kg/Hp,https://www.kudosprime.com/images/cars/gt7_car_225.jpg?v=1
Lexus RC F GT3 prototype '16,Racing Car,PP 721,FR,450 pts,"450,000 Cr",527,2866.0,2.47 Kg/Hp,https://www.kudosprime.com/images/cars/gt7_car_226.jpg?v=1
Lexus RC F GT500 '16,GT500|Racing Car,PP 852,FR,800 pts,"800,000 Cr",614,2249.0,1.66 Kg/Hp,https://www.kudosprime.com/images/cars/gt7_car_227.jpg?v=1
Lexus SC430 GT500 '08,GT500|Racing Car,PP 803,FR,800 pts,"800,000 Cr",516,2425.0,2.13 Kg/Hp,https://www.kudosprime.com/images/cars/gt7_car_229.jpg?v=1
Maserati GranTurismo S '08,Road Car,PP 539,FR,167 pts,"167,000 Cr",439,3924.0,4.05 Kg/Hp,https://www.kudosprime.com/images/cars/gt7_car_233.jpg?v=1
Mazda 787B '91,Categories unknown,PP ??,MR,?? pts,?? Cr,690,1830.0,1.20 Kg/Hp,https://www.kudosprime.com//gt6/images/cars/gt6_car_0605.jpg?v=gt6
Mazda Atenza Gr.3,Racing Car,PP 727,FR,450 pts,"450,000 Cr",567,2822.0,2.26 Kg/Hp,https://www.kudosprime.com/images/cars/gt7_car_235.jpg?v=1
Mazda Atenza Gr.3 Road Car,Road Car,PP 559,FR,300 pts,"300,000 Cr",483,3197.0,3.00 Kg/Hp,https://www.kudosprime.com/images/cars/gt7_car_236.jpg?v=1
Mazda Atenza Gr.4,Racing Car,PP 618,4WD,350 pts,"350,000 Cr",393,3042.0,3.51 Kg/Hp,https://www.kudosprime.com/images/cars/gt7_car_237.jpg?v=1
Mazda Atenza Sedan XD L Package '15,Road Car,PP 360,4WD,39 pts,"39,690 Cr",172,3527.0,9.30 Kg/Hp,https://www.kudosprime.com/images/cars/gt7_car_238.jpg?v=1
Mazda Demio XD Touring '15,Road Car,PP 310,FF,19 pts,"19,500 Cr",103,2381.0,10.49 Kg/Hp,https://www.kudosprime.com/images/cars/gt7_car_239.jpg?v=1
Mazda Eunos Roadster (NA) '89,Road Car,PP 368,FR,35 pts,"≈35,000 Cr",119,2072.0,7.90 Kg/Hp,https://www.kudosprime.com/images/cars/gt7_car_240.jpg?v=4
Mazda LM55 VGT,Midship|Racing Car|Vision Gran Turismo,PP 970,4WD,1000 pts,"1,000,000 Cr",??,,?? Kg/Hp,https://www.kudosprime.com/images/cars/gt7_car_241.jpg?v=1
Mazda LM55 VGT (Gr.1),Midship|Racing Car|Vision Gran Turismo,PP 926,4WD,1000 pts,"1,000,000 Cr",641,1940.0,1.37 Kg/Hp,https://www.kudosprime.com/images/cars/gt7_car_242.jpg?v=1
Mazda Roadster S (ND) '15,Road Car,PP 403,FR,24 pts,"24,950 Cr",128,2183.0,7.73 Kg/Hp,https://www.kudosprime.com/images/cars/gt7_car_250.jpg?v=1
Mazda Roadster Touring Car,Professionally Tuned,PP 515,FR,90 pts,"90,000 Cr",205,1753.0,3.88 Kg/Hp,https://www.kudosprime.com/images/cars/gt7_car_251.jpg?v=1
Mazda RX-7 GT-X (FC) '90,Road Car,PP 437,FR,70 pts,"≈70,000 Cr",203,2756.0,6.16 Kg/Hp,https://www.kudosprime.com/images/cars/gt7_car_243.jpg?v=2
Mazda RX-7 Spirit R Type A (FD) '02,Road Car,PP 516,FR,250 pts,"250,000 Cr",292,2800.0,4.35 Kg/Hp,https://www.kudosprime.com/images/cars/gt7_car_244.jpg?v=1
Mazda RX-8 Spirit R '12,Road Car,PP 487,FR,32 pts,"32,500 Cr",230,2976.0,5.87 Kg/Hp,https://www.kudosprime.com/images/cars/gt7_car_245.jpg?v=1
Mazda RX-Vision '15,Concept Car|Road Car,PP 626,FR,1000 pts,"1,000,000 Cr",517,2844.0,2.50 Kg/Hp,https://www.kudosprime.com/images/cars/gt7_car_246.jpg?v=1
Mazda RX-VISION GT3 CONCEPT,Racing Car,PP 740,FR,450 pts,"450,000 Cr",562,2756.0,2.22 Kg/Hp,https://www.kudosprime.com/images/cars/gt7_car_247.jpg?v=1
Mazda RX-VISION GT3 CONCEPT Stealth Model,Racing Car|Vision Gran Turismo,PP 740,FR,?? pts,?? Cr,562,2756.0,2.22 Kg/Hp,https://www.kudosprime.com/images/cars/gt7_car_248.jpg?v=1
Mazda RX500 '70,Categories unknown,PP ??,MR,?? pts,?? Cr,248,1874.0,3.43 Kg/Hp,https://www.kudosprime.com//gts/images/cars/gts_car_252.jpg?v=gts
McLaren 650S '14,Midship|Road Car,PP 629,MR,340 pts,"340,000 Cr",641,2932.0,2.07 Kg/Hp,https://www.kudosprime.com/images/cars/gt7_car_252.jpg?v=1
McLaren 650S Gr.4,Midship|Racing Car,PP 638,MR,350 pts,"350,000 Cr",399,2866.0,3.26 Kg/Hp,https://www.kudosprime.com/images/cars/gt7_car_254.jpg?v=1
McLaren 650S GT3 '15,Midship|Racing Car,PP 728,MR,450 pts,"450,000 Cr",542,2734.0,2.29 Kg/Hp,https://www.kudosprime.com/images/cars/gt7_car_253.jpg?v=1
McLaren McLaren F1 '94,Midship|Road Car,PP 642,MR,18500 pts,"18,500,000 Cr",626,2513.0,1.82 Kg/Hp,https://www.kudosprime.com/images/cars/gt7_car_256.jpg?v=1
McLaren McLaren F1 GTR - BMW '95,Categories unknown,PP ??,MR,?? pts,?? Cr,600,2315.0,1.75 Kg/Hp,https://www.kudosprime.com//gts/images/cars/gts_car_283.jpg?v=gts
McLaren McLaren P1 GTR '16,Hybrid Car|Midship|Racing Car,PP 797,MR,3600 pts,"3,600,000 Cr",986,2965.0,1.36 Kg/Hp,https://www.kudosprime.com/images/cars/gt7_car_258.jpg?v=1
McLaren McLaren VGT,Hybrid Car|Midship|Racing Car|Vision Gran Turismo,PP 989,MR,1000 pts,"1,000,000 Cr","1,134",1984.0,0.79 Kg/Hp,https://www.kudosprime.com/images/cars/gt7_car_259.jpg?v=1
McLaren McLaren VGT (Gr.1),Hybrid Car|Midship|Racing Car|Vision Gran Turismo,PP 935,MR,1000 pts,"1,000,000 Cr",936,1984.0,0.96 Kg/Hp,https://www.kudosprime.com/images/cars/gt7_car_260.jpg?v=1
McLaren MP4-12C '10,Midship|Road Car,PP 620,MR,225 pts,"225,000 Cr",600,2976.0,2.25 Kg/Hp,https://www.kudosprime.com/images/cars/gt7_car_255.jpg?v=1
Mercedes-Benz 300 SL (W194) Coupé '52,Categories unknown,PP ??,??,?? pts,?? Cr,??,,?? Kg/Hp,https://www.kudosprime.com/images/cars/missing.png
Mercedes-Benz 300 SL Coupé '54,Categories unknown,PP ??,FR,?? pts,?? Cr,212,2855.0,6.11 Kg/Hp,https://www.kudosprime.com//gt6/images/cars/gt6_car_0202.jpg?v=gt6
Mercedes-Benz S Barker Tourer '29,Categories unknown,PP ??,??,?? pts,?? Cr,??,,?? Kg/Hp,https://www.kudosprime.com/images/cars/missing.png
Mercedes-Benz Sauber Mercedes C9 '89,Le Mans|Midship|Racing Car,PP 878,MR,3000 pts,"3,000,000 Cr",710,1969.0,1.26 Kg/Hp,https://www.kudosprime.com/images/cars/gt7_car_265.jpg?v=1
Mercedes-Benz SLR McLaren 2009,Road Car,PP 595,FR,600 pts,"600,000 Cr",616,3898.0,2.87 Kg/Hp,https://www.kudosprime.com/images/cars/gt7_car_264.jpg?v=2
MINI MINI Clubman VGT,Racing Car|Vision Gran Turismo,PP 660,4WD,1000 pts,"1,000,000 Cr",388,2315.0,2.71 Kg/Hp,https://www.kudosprime.com/images/cars/gt7_car_230.jpg?v=1
MINI Mini Cooper S '05,Road Car,PP 419,FF,28 pts,"28,500 Cr",167,2601.0,7.07 Kg/Hp,https://www.kudosprime.com/images/cars/gt7_car_231.jpg?v=2
MINI Mini-Cooper 'S' '65,Road Car,PP 251,FF,50 pts,"≈38,000 Cr",65,1334.0,9.31 Kg/Hp,https://www.kudosprime.com/images/cars/gt7_car_232.jpg?v=2
Mitsubishi Concept XR-PHEV EVOLUTION VGT,Hybrid Car|Racing Car|Vision Gran Turismo,PP 699,4WD,1000 pts,"1,000,000 Cr",502,2976.0,2.69 Kg/Hp,https://www.kudosprime.com/images/cars/gt7_car_266.jpg?v=1
Mitsubishi GTO Twin Turbo '91,Road Car,PP 451,4WD,40 pts,"≈48,900 Cr",289,3748.0,5.88 Kg/Hp,https://www.kudosprime.com/images/cars/gt7_car_267.jpg?v=1
Mitsubishi Lancer Evolution Final '15,Road Car,PP 503,4WD,60 pts,"60,000 Cr",309,3373.0,4.95 Kg/Hp,https://www.kudosprime.com/images/cars/gt7_car_268.jpg?v=1
Mitsubishi Lancer Evolution Final Gr.3,Racing Car,PP 731,FR,450 pts,"450,000 Cr",610,2844.0,2.11 Kg/Hp,https://www.kudosprime.com/images/cars/gt7_car_269.jpg?v=1
Mitsubishi Lancer Evolution Final Gr.4,Racing Car,PP 628,4WD,350 pts,"350,000 Cr",389,2932.0,3.42 Kg/Hp,https://www.kudosprime.com/images/cars/gt7_car_270.jpg?v=1
Mitsubishi Lancer Evolution Final Gr.B Rally Car,Racing Car,PP 628,4WD,450 pts,"450,000 Cr",521,2844.0,2.48 Kg/Hp,https://www.kudosprime.com/images/cars/gt7_car_271.jpg?v=1
Mitsubishi Lancer Evolution Final Gr.B Road Car,Road Car,PP 556,4WD,300 pts,"300,000 Cr",473,3142.0,3.01 Kg/Hp,https://www.kudosprime.com/images/cars/gt7_car_272.jpg?v=1
Mitsubishi Lancer Evolution IV GSR '96,Road Car,PP 462,4WD,45 pts,"≈45,300 Cr",273,2976.0,4.95 Kg/Hp,https://www.kudosprime.com/images/cars/gt7_car_273.jpg?v=1
Mitsubishi Lancer Evolution V GSR '98,Road Car,PP 475,4WD,67 pts,"≈67,100 Cr",306,2998.0,4.44 Kg/Hp,https://www.kudosprime.com/images/cars/gt7_car_274.jpg?v=2
Mitsubishi Lancer Evolution VI GSR T.M. SCP '99,Road Car,PP 499,4WD,162 pts,"≈162,400 Cr",311,2998.0,4.37 Kg/Hp,https://www.kudosprime.com/images/cars/gt7_car_275.jpg?v=4
Nissan 180SX Type X '96,Road Car,PP 442,FR,65 pts,"≈65,000 Cr",206,2690.0,5.92 Kg/Hp,https://www.kudosprime.com/images/cars/gt7_car_276.jpg?v=1
Nissan Fairlady 240ZG (HS30) '71,Categories unknown,PP ??,FR,?? pts,?? Cr,148,2227.0,6.82 Kg/Hp,https://www.kudosprime.com//gt6/images/cars/gt6_car_0721.jpg?v=gt6
Nissan Fairlady Z (Z34) '08,Road Car,PP 511,FR,43 pts,"43,750 Cr",331,3373.0,4.62 Kg/Hp,https://www.kudosprime.com/images/cars/gt7_car_278.jpg?v=1
Nissan Fairlady Z 300ZX TT 2seater '89,Road Car,PP 468,FR,52 pts,"≈52,900 Cr",276,3329.0,5.47 Kg/Hp,https://www.kudosprime.com/images/cars/gt7_car_279.jpg?v=1
Nissan Fairlady Z 432 '69,Categories unknown,PP ??,??,?? pts,?? Cr,??,,?? Kg/Hp,https://www.kudosprime.com/images/cars/missing.png
Nissan Fairlady Z Version S (Z33) '07,Road Car,PP 518,FR,36 pts,"36,300 Cr",310,3263.0,4.77 Kg/Hp,https://www.kudosprime.com/images/cars/gt7_car_281.jpg?v=2
Nissan GT-R '17,Road Car,PP 587,4WD,94 pts,"94,770 Cr",564,3902.0,3.14 Kg/Hp,https://www.kudosprime.com/images/cars/gt7_car_282.jpg?v=1
Nissan GT-R GR.4,Racing Car,PP 638,4WD,350 pts,"350,000 Cr",428,3197.0,3.39 Kg/Hp,https://www.kudosprime.com/images/cars/gt7_car_285.jpg?v=1
Nissan GT-R Gr.B Rally Car,Racing Car,PP 652,4WD,450 pts,"450,000 Cr",542,2976.0,2.49 Kg/Hp,https://www.kudosprime.com/images/cars/gt7_car_286.jpg?v=1
Nissan GT-R GT500 '08,GT500|Racing Car,PP 804,FR,1000 pts,"1,000,000 Cr",527,2425.0,2.09 Kg/Hp,https://www.kudosprime.com/images/cars/gt7_car_283.jpg?v=1
Nissan GT-R LM NISMO '15,Hybrid Car|Le Mans|Racing Car,PP 904,FF,1000 pts,"1,000,000 Cr",604,1940.0,1.46 Kg/Hp,https://www.kudosprime.com/images/cars/gt7_car_287.jpg?v=1
Nissan GT-R NISMO '17,Road Car,PP 619,4WD,187 pts,"187,000 Cr",591,3836.0,2.94 Kg/Hp,https://www.kudosprime.com/images/cars/gt7_car_288.jpg?v=1
Nissan GT-R NISMO GT3 '13,Nurburgring 24 Hours|Racing Car,PP 725,FR,450 pts,"450,000 Cr",591,2866.0,2.20 Kg/Hp,https://www.kudosprime.com/images/cars/gt7_car_289.jpg?v=1
Nissan GT-R NISMO GT500 '16,GT500|Racing Car,PP 853,FR,800 pts,"800,000 Cr",612,2249.0,1.67 Kg/Hp,https://www.kudosprime.com/images/cars/gt7_car_290.jpg?v=1
Nissan GT-R Safety Car,Road Car|Safety Car,PP 596,4WD,130 pts,"130,000 Cr",564,3836.0,3.09 Kg/Hp,https://www.kudosprime.com/images/cars/gt7_car_291.jpg?v=1
Nissan GT-T GT500 '99,Categories unknown,PP ??,??,?? pts,?? Cr,??,,?? Kg/Hp,https://www.kudosprime.com/images/cars/gt7_car_284.jpg?v=1
Nissan NISSAN CONCEPT 2020 VGT,Hybrid Car|Road Car|Vision Gran Turismo,PP 683,4WD,1000 pts,"1,000,000 Cr",??,,?? Kg/Hp,https://www.kudosprime.com/images/cars/gt7_car_292.jpg?v=1
Nissan R32 GT-R V-spec II '94,Road Car,PP 502,4WD,176 pts,"≈176,000 Cr",306,3307.0,4.90 Kg/Hp,https://www.kudosprime.com/images/cars/gt7_car_293.jpg?v=2
Nissan R33 GT-R V-spec '97,Road Car,PP 501,4WD,?? pts,?? Cr,324,3395.0,4.75 Kg/Hp,https://www.kudosprime.com/images/cars/gt7_car_294.jpg?v=2
Nissan R34 GT-R V-spec II Nür '02,Road Car,PP 518,4WD,450 pts,"450,000 Cr",336,3439.0,4.64 Kg/Hp,https://www.kudosprime.com/images/cars/gt7_car_295.jpg?v=2
Nissan R92CP '92,Categories unknown,PP ??,MR,?? pts,?? Cr,939,1984.0,0.96 Kg/Hp,https://www.kudosprime.com//gts/images/cars/gts_car_228.jpg?v=gts
Nissan Sileighty '98,Categories unknown,PP ??,FR,?? pts,?? Cr,202,2579.0,5.79 Kg/Hp,https://www.kudosprime.com//gt6/images/cars/gt6_car_0738.jpg?v=gt6
Nissan Silvia K's Dia Selection (S13) '90,Road Car,PP 402,FR,?? pts,?? Cr,174,2513.0,6.55 Kg/Hp,https://www.kudosprime.com/images/cars/gt7_car_299.jpg?v=3
Nissan Silvia Q's (S13) '88,Road Car,PP 365,FR,15 pts,"≈33,900 Cr",132,2403.0,8.26 Kg/Hp,https://www.kudosprime.com/images/cars/gt7_car_300.jpg?v=2
Nissan SILVIA spec-R Aero (S15) '02,Road Car,PP 485,FR,68 pts,"68,000 Cr",246,2734.0,5.04 Kg/Hp,https://www.kudosprime.com/images/cars/gt7_car_297.jpg?v=2
Nissan Silvia spec-R Aero (S15) Touring Car,Racing Car,PP 642,FR,350 pts,"350,000 Cr",355,2205.0,2.82 Kg/Hp,https://www.kudosprime.com/images/cars/gt7_car_301.jpg?v=1
Nissan Skyline Hard Top 2000GT-R (KPGC10) '70,Categories unknown,PP ??,FR,?? pts,?? Cr,158,2425.0,6.96 Kg/Hp,https://www.kudosprime.com//gt6/images/cars/gt6_car_0717.jpg?v=gt6
Nissan Z Performance '23,Road Car,PP 536,FR,69 pts,"69,660 Cr",399,3402.0,3.87 Kg/Hp,https://www.kudosprime.com/images/cars/gt7_car_303.jpg?v=1
Pagani Huayra '13,Midship|Road Car,PP 675,MR,1350 pts,"1,350,000 Cr",730,2976.0,1.85 Kg/Hp,https://www.kudosprime.com/images/cars/gt7_car_304.jpg?v=1
Pagani Zonda R '09,Concept Car|Midship|Racing Car,PP 781,MR,1800 pts,"1,800,000 Cr",737,2359.0,1.45 Kg/Hp,https://www.kudosprime.com/images/cars/gt7_car_305.jpg?v=1
Peugeot 205 Turbo 16 Evolution 2 '86,Categories unknown,PP ??,4WD,?? pts,?? Cr,450,2006.0,2.02 Kg/Hp,https://www.kudosprime.com/images/cars/gt7_car_306.jpg?v=1
Peugeot 208 GTI by Peugeot Sport '14,Road Car,PP 432,FF,30 pts,"30,000 Cr",204,2646.0,5.88 Kg/Hp,https://www.kudosprime.com/images/cars/gt7_car_307.jpg?v=1
Peugeot 908 HDi FAP '10,Le Mans|Midship|Racing Car,PP 926,MR,1000 pts,"1,000,000 Cr",700,2050.0,1.33 Kg/Hp,https://www.kudosprime.com/images/cars/gt7_car_308.jpg?v=1
Peugeot L500R HYbrid VGT 2017,Hybrid Car|Road Car|Vision Gran Turismo,PP 656,4WD,1000 pts,"1,000,000 Cr",268,2205.0,3.73 Kg/Hp,https://www.kudosprime.com/images/cars/gt7_car_309.jpg?v=1
Peugeot L750R HYbrid VGT 2017,Hybrid Car|Midship|Racing Car|Vision Gran Turismo,PP 949,4WD,1000 pts,"1,000,000 Cr",693,1819.0,1.19 Kg/Hp,https://www.kudosprime.com/images/cars/gt7_car_310.jpg?v=1
Peugeot PEUGEOT VGT,Midship|Racing Car|Vision Gran Turismo,PP 806,4WD,1000 pts,"1,000,000 Cr",873,1929.0,1.00 Kg/Hp,https://www.kudosprime.com/images/cars/gt7_car_311.jpg?v=1
Peugeot PEUGEOT VGT Gr.3,Midship|Racing Car|Vision Gran Turismo,PP 714,MR,450 pts,"450,000 Cr",542,2756.0,2.31 Kg/Hp,https://www.kudosprime.com/images/cars/gt7_car_312.jpg?v=1
Peugeot RCZ Gr.3,Midship|Racing Car,PP 726,MR,450 pts,"450,000 Cr",520,2646.0,2.31 Kg/Hp,https://www.kudosprime.com/images/cars/gt7_car_314.jpg?v=1
Peugeot RCZ Gr.3 Road Car,Midship|Road Car,PP 544,MR,300 pts,"300,000 Cr",468,3086.0,2.99 Kg/Hp,https://www.kudosprime.com/images/cars/gt7_car_315.jpg?v=1
Peugeot RCZ Gr.4,Racing Car,PP 632,FF,350 pts,"350,000 Cr",345,2701.0,3.55 Kg/Hp,https://www.kudosprime.com/images/cars/gt7_car_316.jpg?v=1
Peugeot RCZ Gr.B Rally Car,Midship|Racing Car,PP 646,4WD,450 pts,"450,000 Cr",516,2646.0,2.33 Kg/Hp,https://www.kudosprime.com/images/cars/gt7_car_317.jpg?v=1
Peugeot RCZ GT Line '15,Road Car,PP 408,FF,46 pts,"46,600 Cr",152,2976.0,8.88 Kg/Hp,https://www.kudosprime.com/images/cars/gt7_car_313.jpg?v=1
Plymouth Superbird '70,Categories unknown,PP ??,FR,?? pts,?? Cr,425,3869.0,4.13 Kg/Hp,https://www.kudosprime.com//gt6/images/cars/gt6_car_1120.jpg?v=gt6
Plymouth XNR Ghia Roadster '60,Road Car,PP 424,FR,1600 pts,"1,600,000 Cr",250,3307.0,6.00 Kg/Hp,https://www.kudosprime.com/images/cars/gt7_car_319.jpg?v=2
Pontiac Firebird Trans Am '78,Road Car,PP 397,FR,96 pts,"≈96,200 Cr",219,3616.0,7.49 Kg/Hp,https://www.kudosprime.com/images/cars/gt7_car_320.jpg?v=2
Porsche 356 A/1500 GS Carrera '56,Road Car,PP 351,RR,615 pts,"615,000 Cr",97,1852.0,8.66 Kg/Hp,https://www.kudosprime.com/images/cars/gt7_car_321.jpg?v=1
Porsche 356 A/1500 GS GT Carrera Speedster '56,Categories unknown,PP ??,RR,?? pts,?? Cr,108,1852.0,7.78 Kg/Hp,https://www.kudosprime.com//gts/images/cars/gts_car_277.jpg?v=gts
Porsche 911 Carrera RS (964) '92,Road Car,PP 512,RR,253 pts,"≈253,000 Cr",251,2712.0,4.90 Kg/Hp,https://www.kudosprime.com/images/cars/gt7_car_323.jpg?v=1
Porsche 911 Carrera RS (993) '95,Road Car,PP 530,RR,260 pts,"≈260,000 Cr",295,2800.0,4.31 Kg/Hp,https://www.kudosprime.com/images/cars/gt7_car_324.jpg?v=1
Porsche 911 Carrera RS CS (993) '95,Road Car,PP 528,RR,421 pts,"≈421,000 Cr",295,2723.0,4.19 Kg/Hp,https://www.kudosprime.com/images/cars/gt7_car_325.jpg?v=1
Porsche 911 GT1 Strassenversion '97,Midship|Road Car,PP 635,MR,3000 pts,"3,000,000 Cr",533,2646.0,2.25 Kg/Hp,https://www.kudosprime.com/images/cars/gt7_car_326.jpg?v=1
Porsche 911 GT3 (996) '01,Road Car,PP 551,RR,180 pts,"180,000 Cr",354,2976.0,3.81 Kg/Hp,https://www.kudosprime.com/images/cars/gt7_car_327.jpg?v=1
Porsche 911 GT3 (997) '09,Road Car,PP 579,RR,160 pts,"160,000 Cr",428,3075.0,3.26 Kg/Hp,https://www.kudosprime.com/images/cars/gt7_car_328.jpg?v=2
Porsche 911 GT3 RS (991) '16,Road Car,PP 633,RR,253 pts,"253,000 Cr",491,3131.0,2.89 Kg/Hp,https://www.kudosprime.com/images/cars/gt7_car_329.jpg?v=1
Porsche 911 RSR (991) '17,Midship|Racing Car,PP 726,MR,450 pts,"450,000 Cr",509,2740.0,2.44 Kg/Hp,https://www.kudosprime.com/images/cars/gt7_car_330.jpg?v=1
Porsche 911 Turbo (930) '81,Road Car,PP 494,RR,215 pts,"≈215,500 Cr",295,2866.0,4.41 Kg/Hp,https://www.kudosprime.com/images/cars/gt7_car_331.jpg?v=5
Porsche 917K '70,Midship|Racing Car,PP 755,MR,18000 pts,"18,000,000 Cr",598,1764.0,1.34 Kg/Hp,https://www.kudosprime.com/images/cars/gt7_car_333.jpg?v=1
Porsche 917K LIVING LEGEND,Midship|Racing Car,PP 818,MR,1000 pts,"1,000,000 Cr",976,2690.0,1.25 Kg/Hp,https://www.kudosprime.com/images/cars/gt7_car_332.jpg?v=1
Porsche 919 Hybrid '16,Hybrid Car|Le Mans|Midship|Racing Car,PP 936,4WD,3000 pts,"3,000,000 Cr",499,1929.0,1.75 Kg/Hp,https://www.kudosprime.com/images/cars/gt7_car_334.jpg?v=1
Porsche 962 C '88,Categories unknown,PP ??,MR,?? pts,?? Cr,611,1874.0,1.39 Kg/Hp,https://www.kudosprime.com//gts/images/cars/gts_car_293.jpg?v=gts
Porsche Carrera GT '04,Midship|Road Car,PP 621,MR,2300 pts,"2,300,000 Cr",603,3042.0,2.29 Kg/Hp,https://www.kudosprime.com/images/cars/gt7_car_336.jpg?v=1
Porsche Cayman GT4 Clubsport '16,Midship|Racing Car,PP 649,MR,350 pts,"350,000 Cr",379,2866.0,3.43 Kg/Hp,https://www.kudosprime.com/images/cars/gt7_car_337.jpg?v=1
Porsche Porsche VGT,Electric Car|Road Car|Vision Gran Turismo,PP 809,4WD,1000 pts,"1,000,000 Cr","1,098",3064.0,1.27 Kg/Hp,https://www.kudosprime.com/images/cars/gt7_car_338.jpg?v=1
Porsche Spyder type 550/1500RS '55,Categories unknown,PP ??,??,?? pts,?? Cr,??,,?? Kg/Hp,https://www.kudosprime.com/images/cars/gt7_car_339.jpg?v=1
Porsche TAYCAN TURBO S 2019,Electric Car|Road Car,PP 601,4WD,230 pts,"230,000 Cr",751,5060.0,3.06 Kg/Hp,https://www.kudosprime.com/images/cars/gt7_car_340.jpg?v=1
Radical SR3 SL '13,Midship|Road Car,PP 521,MR,126 pts,"126,500 Cr",239,1709.0,3.24 Kg/Hp,https://www.kudosprime.com/images/cars/gt7_car_343.jpg?v=1
RE Amemiya FD3S RX-7,Professionally Tuned,PP 554,FR,100 pts,"100,000 Cr",366,2734.0,3.39 Kg/Hp,https://www.kudosprime.com/images/cars/gt7_car_341.jpg?v=1
Renault Clio R.S. 220 Trophy '15,Road Car,PP 448,FF,32 pts,"32,000 Cr",216,2599.0,5.46 Kg/Hp,https://www.kudosprime.com/images/cars/gt7_car_344.jpg?v=1
Renault Clio R.S. 220 Trophy '16,Road Car,PP 446,FF,32 pts,"32,000 Cr",216,2654.0,5.57 Kg/Hp,https://www.kudosprime.com/images/cars/gt7_car_345.jpg?v=1
Renault Clio V6 24V '00,Categories unknown,PP ??,MR,?? pts,?? Cr,230,2943.0,5.80 Kg/Hp,https://www.kudosprime.com//gts/images/cars/gts_car_297.jpg?v=gts
Renault Mégane Gr.4,Racing Car,PP 648,FF,350 pts,"350,000 Cr",350,2425.0,3.14 Kg/Hp,https://www.kudosprime.com/images/cars/gt7_car_347.jpg?v=1
Renault Mégane R.S. Trophy '11,Road Car,PP 482,FF,38 pts,"38,500 Cr",261,3058.0,5.31 Kg/Hp,https://www.kudosprime.com/images/cars/gt7_car_348.jpg?v=1
Renault Mégane RS Trophy Safety Car,Road Car|Safety Car,PP 483,FF,50 pts,"50,000 Cr",261,3058.0,5.31 Kg/Hp,https://www.kudosprime.com/images/cars/gt7_car_349.jpg?v=1
Renault Mégane Trophy '11,Midship|Racing Car,PP 664,MR,350 pts,"350,000 Cr",359,2105.0,2.66 Kg/Hp,https://www.kudosprime.com/images/cars/gt7_car_350.jpg?v=1
Renault R.S.01 '16,Midship|Racing Car,PP 748,MR,500 pts,"500,000 Cr",542,2522.0,2.11 Kg/Hp,https://www.kudosprime.com/images/cars/gt7_car_351.jpg?v=1
Renault R.S.01 GT3 '16,Midship|Racing Car,PP 739,MR,450 pts,"450,000 Cr",534,2690.0,2.28 Kg/Hp,https://www.kudosprime.com/images/cars/gt7_car_352.jpg?v=1
Renault R5 Turbo '80,Midship|Road Car,PP 392,MR,154 pts,"≈154,200 Cr",159,2138.0,6.10 Kg/Hp,https://www.kudosprime.com/images/cars/gt7_car_353.jpg?v=2
Renault R8 GORDINI '66,Categories unknown,PP ??,RR,?? pts,?? Cr,102,1874.0,8.33 Kg/Hp,https://www.kudosprime.com//gts/images/cars/gts_car_294.jpg?v=gts
RUF CTR3 '07,Midship|Road Car,PP 661,MR,900 pts,"900,000 Cr",690,3086.0,2.03 Kg/Hp,https://www.kudosprime.com/images/cars/gt7_car_342.jpg?v=1
Shelby Cobra 427 '66,Categories unknown,PP ??,FR,?? pts,?? Cr,485,2355.0,2.20 Kg/Hp,https://www.kudosprime.com//gts/images/cars/gts_car_171.jpg?v=gts
Shelby Cobra Daytona Coupe '64,Categories unknown,PP ??,FR,?? pts,?? Cr,385,2299.0,2.71 Kg/Hp,https://www.kudosprime.com//gts/images/cars/gts_car_240.jpg?v=gts
Shelby G.T.350 '65,Road Car,PP 449,FR,487 pts,"487,000 Cr",304,2800.0,4.18 Kg/Hp,https://www.kudosprime.com/images/cars/gt7_car_357.jpg?v=2
Subaru BRZ Drift Car '17,Racing Car,PP 604,FR,400 pts,"400,000 Cr","1,037",3159.0,1.38 Kg/Hp,https://www.kudosprime.com/images/cars/gt7_car_358.jpg?v=1
Subaru BRZ S '15,Road Car,PP 428,FR,30 pts,"30,000 Cr",197,2712.0,6.24 Kg/Hp,https://www.kudosprime.com/images/cars/gt7_car_359.jpg?v=1
Subaru BRZ STI Sport '18,Road Car,PP 451,FR,36 pts,"36,000 Cr",203,2756.0,6.16 Kg/Hp,https://www.kudosprime.com/images/cars/gt7_car_360.jpg?v=1
Subaru Impreza 22B-STi '98,Categories unknown,PP ??,4WD,?? pts,?? Cr,290,2800.0,4.38 Kg/Hp,https://www.kudosprime.com//gts/images/cars/gts_car_265.jpg?v=gts
Subaru Impreza Coupe WRX Type R STi Ver.VI '99,Road Car,PP 457,4WD,?? pts,?? Cr,275,2778.0,4.58 Kg/Hp,https://www.kudosprime.com/images/cars/gt7_car_362.jpg?v=1
Subaru VIZIV GT VGT,Hybrid Car|Racing Car|Vision Gran Turismo,PP 697,4WD,1000 pts,"1,000,000 Cr",630,3042.0,2.19 Kg/Hp,https://www.kudosprime.com/images/cars/gt7_car_363.jpg?v=1
Subaru WRX Gr.3,Racing Car,PP 726,FR,450 pts,"450,000 Cr",591,2822.0,2.17 Kg/Hp,https://www.kudosprime.com/images/cars/gt7_car_364.jpg?v=1
Subaru WRX Gr.4,Racing Car,PP 631,4WD,350 pts,"350,000 Cr",377,2910.0,3.50 Kg/Hp,https://www.kudosprime.com/images/cars/gt7_car_365.jpg?v=1
Subaru WRX Gr.B Rally Car,Racing Car,PP 645,4WD,450 pts,"450,000 Cr",521,2822.0,2.46 Kg/Hp,https://www.kudosprime.com/images/cars/gt7_car_366.jpg?v=1
Subaru WRX Gr.B Road Car,Road Car,PP 544,4WD,300 pts,"300,000 Cr",473,3142.0,3.01 Kg/Hp,https://www.kudosprime.com/images/cars/gt7_car_367.jpg?v=1
Subaru WRX STI Isle of Man '16,Racing Car,PP 679,4WD,370 pts,"370,000 Cr",578,2513.0,1.97 Kg/Hp,https://www.kudosprime.com/images/cars/gt7_car_368.jpg?v=1
Subaru WRX STI Type S '14,Road Car,PP 495,4WD,41 pts,"41,148 Cr",302,3285.0,4.93 Kg/Hp,https://www.kudosprime.com/images/cars/gt7_car_369.jpg?v=1
Super Formula SF19 Super Formula / Honda '19,Midship|Racing Car,PP 976,MR,1000 pts,"1,000,000 Cr",639,1455.0,1.03 Kg/Hp,https://www.kudosprime.com/images/cars/gt7_car_370.jpg?v=1
Super Formula SF19 Super Formula / Toyota '19,Midship|Racing Car,PP 976,MR,1000 pts,"1,000,000 Cr",639,1455.0,1.03 Kg/Hp,https://www.kudosprime.com/images/cars/gt7_car_371.jpg?v=1
Suzuki Swift Sport '07,Road Car,PP 386,FF,16 pts,"16,275 Cr",123,2337.0,8.62 Kg/Hp,https://www.kudosprime.com/images/cars/gt7_car_372.jpg?v=2
Suzuki Swift Sport '17,Road Car,PP 410,FF,18 pts,"18,360 Cr",137,2138.0,7.08 Kg/Hp,https://www.kudosprime.com/images/cars/gt7_car_373.jpg?v=1
Suzuki Swift Sport Gr.4,Racing Car,PP 664,FF,350 pts,"350,000 Cr",345,1984.0,2.61 Kg/Hp,https://www.kudosprime.com/images/cars/gt7_car_374.jpg?v=1
Tesla Model S Signature Performance '12,Electric Car|Road Car,PP 519,RR,92 pts,"92,000 Cr",410,4449.0,4.92 Kg/Hp,https://www.kudosprime.com/images/cars/gt7_car_376.jpg?v=1
Toyota 2000GT '67,Categories unknown,PP ??,FR,?? pts,?? Cr,154,2469.0,7.27 Kg/Hp,https://www.kudosprime.com//gts/images/cars/gts_car_191.jpg?v=gts
Toyota 86 Gr.4,Racing Car,PP 639,FR,350 pts,"350,000 Cr",358,2646.0,3.35 Kg/Hp,https://www.kudosprime.com/images/cars/gt7_car_381.jpg?v=1
Toyota 86 Gr.B Rally Car,Racing Car,PP 663,4WD,450 pts,"450,000 Cr",516,2601.0,2.29 Kg/Hp,https://www.kudosprime.com/images/cars/gt7_car_382.jpg?v=1
Toyota 86 GRMN '16,Professionally Tuned,PP 463,FR,64 pts,"64,800 Cr",214,2690.0,5.70 Kg/Hp,https://www.kudosprime.com/images/cars/gt7_car_378.jpg?v=1
Toyota 86 GT '15,Road Car,PP 428,FR,29 pts,"29,052 Cr",197,2712.0,6.24 Kg/Hp,https://www.kudosprime.com/images/cars/gt7_car_379.jpg?v=1
"Toyota 86 GT""Limited"" '16",Road Car,PP 431,FR,31 pts,"31,840 Cr",203,2734.0,6.11 Kg/Hp,https://www.kudosprime.com/images/cars/gt7_car_380.jpg?v=1
Toyota Aqua S '11,Hybrid Car|Road Car,PP 349,FF,17 pts,"17,900 Cr",120,2381.0,9.00 Kg/Hp,https://www.kudosprime.com/images/cars/gt7_car_383.jpg?v=1
Toyota Celica GT-Four (ST205) '94,Road Car,PP 450,4WD,78 pts,"≈78,600 Cr",250,3042.0,5.52 Kg/Hp,https://www.kudosprime.com/images/cars/gt7_car_384.jpg?v=2
Toyota Corolla Levin 1600GT APEX (AE86) '83,Road Car,PP 360,FR,?? pts,?? Cr,126,2072.0,7.46 Kg/Hp,https://www.kudosprime.com/images/cars/gt7_car_385.jpg?v=1
Toyota Crown Athlete G '13,Road Car,PP 484,FR,57 pts,"57,500 Cr",309,3638.0,5.34 Kg/Hp,https://www.kudosprime.com/images/cars/gt7_car_386.jpg?v=1
Toyota Crown Athlete G Safety Car,Road Car|Safety Car,PP 493,FR,65 pts,"65,000 Cr",309,3638.0,5.34 Kg/Hp,https://www.kudosprime.com/images/cars/gt7_car_387.jpg?v=1
Toyota FT-1,Concept Car|Road Car,PP 581,FR,500 pts,"500,000 Cr",??,,?? Kg/Hp,https://www.kudosprime.com/images/cars/gt7_car_388.jpg?v=1
Toyota FT-1 VGT,Hybrid Car|Racing Car|Vision Gran Turismo,PP 775,FR,1000 pts,"1,000,000 Cr",??,,?? Kg/Hp,https://www.kudosprime.com/images/cars/gt7_car_389.jpg?v=1
Toyota FT-1 VGT (Gr.3),Racing Car|Vision Gran Turismo,PP 723,FR,450 pts,"450,000 Cr",544,2822.0,2.35 Kg/Hp,https://www.kudosprime.com/images/cars/gt7_car_390.jpg?v=1
Toyota GR Supra Race Car '19,Racing Car,PP 640,FR,350 pts,"350,000 Cr",394,3042.0,3.50 Kg/Hp,https://www.kudosprime.com/images/cars/gt7_car_393.jpg?v=1
Toyota GR Supra Racing Concept '18,Racing Car,PP 726,FR,450 pts,"450,000 Cr",591,2740.0,2.10 Kg/Hp,https://www.kudosprime.com/images/cars/gt7_car_394.jpg?v=1
Toyota GR Supra RZ '19,Road Car,PP 535,FR,70 pts,"70,000 Cr",335,3351.0,4.54 Kg/Hp,https://www.kudosprime.com/images/cars/gt7_car_391.jpg?v=1
Toyota GR Supra RZ '20,Road Car,PP 545,FR,73 pts,"73,000 Cr",382,3373.0,4.01 Kg/Hp,https://www.kudosprime.com/images/cars/gt7_car_392.jpg?v=1
"Toyota GR Yaris RZ ""High performance"" '20",Road Car,PP 497,4WD,45 pts,"45,600 Cr",268,2844.0,4.81 Kg/Hp,https://www.kudosprime.com/images/cars/gt7_car_395.jpg?v=1
Toyota GR86 '21,Road Car,PP 482,FR,33 pts,"33,500 Cr",231,2800.0,5.50 Kg/Hp,https://www.kudosprime.com/images/cars/gt7_car_396.jpg?v=1
Toyota MR2 GT-S '97,Categories unknown,PP ??,MR,?? pts,?? Cr,244,2800.0,5.20 Kg/Hp,https://www.kudosprime.com//gts/images/cars/gts_car_205.jpg?v=gts
Toyota Prius G '09,Hybrid Car|Road Car,PP 369,FF,24 pts,"24,500 Cr",120,2976.0,11.25 Kg/Hp,https://www.kudosprime.com/images/cars/gt7_car_398.jpg?v=1
Toyota S-FR '15,Concept Car|Road Car,PP 399,FR,19 pts,"19,500 Cr",133,2315.0,7.89 Kg/Hp,https://www.kudosprime.com/images/cars/gt7_car_399.jpg?v=1
Toyota S-FR Racing Concept '16,Concept Car|Professionally Tuned,PP 543,FR,200 pts,"200,000 Cr",349,2535.0,3.30 Kg/Hp,https://www.kudosprime.com/images/cars/gt7_car_400.jpg?v=1
Toyota Sports 800 '65,Categories unknown,PP ??,FR,?? pts,?? Cr,43,1279.0,13.49 Kg/Hp,https://www.kudosprime.com//gts/images/cars/gts_car_300.jpg?v=gts
Toyota Sprinter Trueno 1600GT APEX (AE86) '83,Categories unknown,PP ??,FR,?? pts,?? Cr,127,2072.0,7.40 Kg/Hp,https://www.kudosprime.com//gts/images/cars/gts_car_295.jpg?v=gts
Toyota Sprinter Trueno 1600GT APEX (S.Shigeno Version),Categories unknown,PP ??,FR,?? pts,?? Cr,201,1819.0,4.10 Kg/Hp,https://www.kudosprime.com//gt6/images/cars/gt6_car_0976.jpg?v=gt6
Toyota Supra 3.0GT Turbo A '88,Road Car,PP 466,FR,130 pts,"≈130,000 Cr",266,3373.0,5.75 Kg/Hp,https://www.kudosprime.com/images/cars/gt7_car_404.jpg?v=1
Toyota Supra GT500 '97,GT500|Racing Car,PP 729,FR,1500 pts,"1,500,000 Cr",492,2535.0,2.34 Kg/Hp,https://www.kudosprime.com/images/cars/gt7_car_405.jpg?v=1
Toyota Supra RZ '97,Road Car,PP 500,FR,220 pts,"≈220,000 Cr",330,3329.0,4.58 Kg/Hp,https://www.kudosprime.com/images/cars/gt7_car_406.jpg?v=3
Toyota TS030 Hybrid '12,Hybrid Car|Le Mans|Midship|Racing Car,PP 917,MR,1000 pts,"1,000,000 Cr",529,1984.0,1.70 Kg/Hp,https://www.kudosprime.com/images/cars/gt7_car_407.jpg?v=1
Toyota TS050 - Hybrid '16,Hybrid Car|Le Mans|Midship|Racing Car,PP 927,4WD,1000 pts,"1,000,000 Cr",493,1929.0,1.77 Kg/Hp,https://www.kudosprime.com/images/cars/gt7_car_408.jpg?v=1
Toyota Tundra TRD Pro '19,Pickup Truck|Road Car,PP 400,4WD,62 pts,"62,000 Cr",379,5633.0,6.74 Kg/Hp,https://www.kudosprime.com/images/cars/gt7_car_409.jpg?v=2
TVR Tuscan Speed 6 '00,Categories unknown,PP ??,FR,?? pts,?? Cr,360,2425.0,3.06 Kg/Hp,https://www.kudosprime.com//gts/images/cars/gts_car_278.jpg?v=gts
Volkswagen Beetle Gr.3,Racing Car,PP 742,FR,450 pts,"450,000 Cr",591,2646.0,2.03 Kg/Hp,https://www.kudosprime.com/images/cars/gt7_car_410.jpg?v=1
Volkswagen Golf I GTI '83,Road Car,PP 347,FF,48 pts,"≈48,300 Cr",109,1962.0,8.17 Kg/Hp,https://www.kudosprime.com/images/cars/gt7_car_413.jpg?v=2
Volkswagen Golf VII GTI '14,Road Car,PP 442,FF,38 pts,"38,330 Cr",216,3064.0,6.44 Kg/Hp,https://www.kudosprime.com/images/cars/gt7_car_414.jpg?v=1
Volkswagen GTI Roadster VGT,Racing Car|Vision Gran Turismo,PP 721,4WD,1000 pts,"1,000,000 Cr",551,2646.0,2.18 Kg/Hp,https://www.kudosprime.com/images/cars/gt7_car_411.jpg?v=1
Volkswagen GTI Supersport VGT,Racing Car|Vision Gran Turismo,PP 724,4WD,1000 pts,"1,000,000 Cr",551,2646.0,2.18 Kg/Hp,https://www.kudosprime.com/images/cars/gt7_car_412.jpg?v=1
Volkswagen GTI VGT (Gr.3),Midship|Racing Car|Vision Gran Turismo,PP 713,MR,450 pts,"450,000 Cr",551,2778.0,2.29 Kg/Hp,https://www.kudosprime.com/images/cars/gt7_car_420.jpg?v=1
Volkswagen Polo GTI '14,Road Car,PP 422,FF,28 pts,"28,000 Cr",189,2804.0,6.73 Kg/Hp,https://www.kudosprime.com/images/cars/gt7_car_415.jpg?v=1
Volkswagen Sambabus Typ 2 '62,Road Car,PP 119,RR,75 pts,"≈75,000 Cr",34,2414.0,32.21 Kg/Hp,https://www.kudosprime.com//gts/images/cars/gts_car_178.jpg?v=gts
Volkswagen Scirocco Gr.4,Racing Car,PP 656,FF,350 pts,"350,000 Cr",358,2315.0,2.93 Kg/Hp,https://www.kudosprime.com/images/cars/gt7_car_417.jpg?v=1
Volkswagen Scirocco R '10,Road Car,PP 498,FF,51 pts,"51,500 Cr",252,3109.0,5.60 Kg/Hp,https://www.kudosprime.com/images/cars/gt7_car_418.jpg?v=1
Volkswagen Volkswagen 1200 '66,Road Car,PP 177,RR,40 pts,"≈32,700 Cr",33,1720.0,23.64 Kg/Hp,https://www.kudosprime.com/images/cars/gt7_car_419.jpg?v=5
Wicked Fabrication Wicked Fabrication GT 51,Gran Turismo Award|Professionally Tuned,PP 518,FR,300 pts,"300,000 Cr",372,2950.0,3.60 Kg/Hp,https://www.kudosprime.com/images/cars/gt7_car_421.jpg?v=1
Zagato IsoRivolta Zagato VGT,Road Car|Vision Gran Turismo,PP 649,FR,1000 pts,"1,000,000 Cr",559,2535.0,2.06 Kg/Hp,https://www.kudosprime.com/images/cars/gt7_car_422.jpg?v=1
